osm_id,name,place,geometry
107775,London,city,"c(-0.1276474, 51.5073219)"
196021,Whetstone,suburb,"c(-0.1748844, 51.6301762)"
197720,Ganwick Corner,locality,"c(-0.1870534, 51.6797241)"
198806,Totteridge,suburb,"c(-0.2008716, 51.633156)"
200088,Friern Barnet,suburb,"c(-0.1585948, 51.6128792)"
201212,Muswell Hill,suburb,"c(-0.1420768, 51.5910395)"
222466,Hendon,suburb,"c(-0.22162, 51.5897442)"
279640,Edgware,town,"c(-0.279305, 51.6107677)"
720187,Bushey,suburb,"c(-0.3622403, 51.6441535)"
13374298,Hog's Cross,locality,"c(-0.171237, 51.2877401)"
13878144,Catford,town,"c(-0.0197534, 51.4453215)"
13964265,East Ham,town,"c(0.0553201, 51.5329628)"
14698913,Leatherhead,town,"c(-0.3293689, 51.2955038)"
16231633,Hampton Hill,suburb,"c(-0.355081, 51.4278442)"
16486527,Teddington,town,"c(-0.333653, 51.4277844)"
17061510,Hanworth,suburb,"c(-0.3903611, 51.4348478)"
17061656,Bedfont,suburb,"c(-0.4334413, 51.4530683)"
18083845,Putney,town,"c(-0.2167462, 51.4625524)"
18865696,Enfield,town,"c(-0.0810175, 51.6520851)"
20962674,Hammersmith,town,"c(-0.2236401, 51.4920377)"
20962675,Barnes,suburb,"c(-0.2387441, 51.4718962)"
20992523,Watford,town,"c(-0.3957425, 51.6553875)"
21042294,Pimlico,suburb,"c(-0.1398817, 51.4889993)"
21075474,Ridge,village,"c(-0.2443431, 51.6889993)"
21090052,Richmond Gate,locality,"c(-0.2961781, 51.4501174)"
21090062,Roehampton Gate,locality,"c(-0.2571322, 51.4539934)"
21090123,Petersham Gate,locality,"c(-0.299783, 51.4462701)"
21090182,Sheen Cross,locality,"c(-0.2673408, 51.4519013)"
21099164,Richmond,town,"c(-0.3032767, 51.4613531)"
21099165,Kew,suburb,"c(-0.2919292, 51.4806629)"
21099166,Twickenham,suburb,"c(-0.3281887, 51.4467444)"
21123073,Denham,village,"c(-0.4998008, 51.5729922)"
21139877,Rickmansworth,town,"c(-0.4718406, 51.6390009)"
21262496,Croydon,town,"c(-0.101957, 51.3713049)"
21262497,Crystal Palace,suburb,"c(-0.0711328, 51.4193664)"
21315205,Tooting Graveney,neighbourhood,"c(-0.1665496, 51.4234522)"
21315206,Wandsworth,town,"c(-0.1932607, 51.4570271)"
21329597,South Wimbledon,suburb,"c(-0.1939611, 51.4163207)"
21414870,Loughton,town,"c(0.0551751, 51.6456263)"
21415113,Chingford,suburb,"c(0.0039962, 51.630887)"
21434600,Staines-upon-Thames,town,"c(-0.511044, 51.434012)"
21494027,Marlborough Gate,locality,"c(-0.1759013, 51.5114584)"
21521237,Brixton,town,"c(-0.1167959, 51.4568044)"
21521238,Streatham,town,"c(-0.1311105, 51.429769)"
21662002,Shepherd's Bush,town,"c(-0.2229007, 51.505314)"
24346793,Chevening Cross,hamlet,"c(0.1394812, 51.2928345)"
25921913,Sidcup,town,"c(0.101044, 51.4264002)"
25921914,Eltham,town,"c(0.0541253, 51.4505687)"
25921915,New Eltham,suburb,"c(0.0685289, 51.4362297)"
25921916,Mottingham,suburb,"c(0.0495702, 51.4339336)"
26049431,Bromley,town,"c(0.0148142, 51.4028046)"
26108617,Kingswood,village,"c(-0.2137814, 51.2952947)"
26389825,Albert Gate,locality,"c(-0.1585264, 51.5025715)"
26422736,Barking,town,"c(0.0804245, 51.5389922)"
26472010,Bellingham,quarter,"c(-0.0244895, 51.4311004)"
26472011,Hither Green,suburb,"c(-0.0054183, 51.4502982)"
26472012,Downham,suburb,"c(0.0064566, 51.426111)"
26472013,Catford South,suburb,"c(-0.0059785, 51.440517)"
26545978,Walworth,suburb,"c(-0.0906603, 51.4901142)"
26546003,Elephant and Castle,suburb,"c(-0.1005208, 51.4954461)"
26562606,Beddington Corner,village,"c(-0.1495322, 51.3869422)"
26562607,Hackbridge,suburb,"c(-0.1567541, 51.3796135)"
26562608,St Helier,village,"c(-0.1800574, 51.3866947)"
26602037,Chelsea Gate,locality,"c(-0.1497918, 51.4830159)"
26655025,Aveley,village,"c(0.2561792, 51.5001066)"
26674662,Wrotham,village,"c(0.3059096, 51.3099965)"
26683163,South Ockendon,town,"c(0.2827942, 51.5093771)"
26684649,North Stifford,hamlet,"c(0.3070148, 51.4975816)"
26684993,Grays,town,"c(0.3233131, 51.4780898)"
26728131,South Stifford,suburb,"c(0.301663, 51.4777652)"
26745366,Mayfair,suburb,"c(-0.147058, 51.5110872)"
26745371,St Giles,neighbourhood,"c(-0.1284181, 51.5154723)"
26782454,North Ockendon,village,"c(0.2936981, 51.5457699)"
26890166,Shenfield,suburb,"c(0.3255277, 51.6295286)"
27364398,Seven Sisters,neighbourhood,"c(-0.0739615, 51.5817795)"
27364686,Tottenham,suburb,"c(-0.0672892, 51.5976955)"
27364687,Crouch End,suburb,"c(-0.1235992, 51.5787402)"
27365015,West Green,suburb,"c(-0.0898489, 51.5868063)"
27365016,Stamford Hill,suburb,"c(-0.0690402, 51.5707092)"
27365017,Upper Clapton,quarter,"c(-0.0605697, 51.5668384)"
27365018,Stoke Newington,suburb,"c(-0.0822482, 51.5578698)"
27365019,Lower Clapton,quarter,"c(-0.0550912, 51.5546565)"
27365020,Islington,town,"c(-0.0999051, 51.5384287)"
27365022,Kentish Town,suburb,"c(-0.1425625, 51.5500658)"
27365023,Gospel Oak,suburb,"c(-0.1517524, 51.5536863)"
27365024,Bethnal Green,suburb,"c(-0.0561633, 51.5303456)"
27365025,Dalston,suburb,"c(-0.0760128, 51.543212)"
27365026,Haggerston,suburb,"c(-0.0740127, 51.5366603)"
27365028,Wapping,suburb,"c(-0.0587291, 51.5054363)"
27365029,Shoreditch,suburb,"c(-0.0798926, 51.5266694)"
27365030,City of London,city,"c(-0.0919983, 51.5156177)"
27365031,Clerkenwell,suburb,"c(-0.1055555, 51.5237268)"
27365033,Bloomsbury,suburb,"c(-0.1260664, 51.523126)"
27365035,Bermondsey,suburb,"c(-0.063268, 51.4970125)"
27365036,Millwall,quarter,"c(-0.0212187, 51.4933423)"
27365037,Rotherhithe,suburb,"c(-0.0436321, 51.5002908)"
27365038,Stepney,suburb,"c(-0.0462189, 51.5174023)"
27365039,Limehouse,suburb,"c(-0.0351492, 51.5133074)"
27365040,Cubitt Town,quarter,"c(-0.0082433, 51.4936677)"
27365041,Blackwall,suburb,"c(-0.0064024, 51.5065004)"
27365042,Isle of Dogs,suburb,"c(-0.0168854, 51.4978447)"
27365043,Poplar,suburb,"c(-0.0144629, 51.5110713)"
27365044,Bromley-by-Bow,quarter,"c(-0.0179722, 51.5229529)"
27365045,Bow,suburb,"c(-0.0274853, 51.5309383)"
27365046,Stratford,town,"c(0.0016208, 51.5406878)"
27365049,Leytonstone,suburb,"c(0.0064237, 51.5710783)"
27365050,Walthamstow,town,"c(-0.0188186, 51.5844701)"
27365051,Edmonton,suburb,"c(-0.0769118, 51.6267968)"
27365297,Lower Holloway,suburb,"c(-0.1148807, 51.5544402)"
27365298,Upper Holloway,suburb,"c(-0.1338683, 51.5644891)"
27365299,Highbury,suburb,"c(-0.1027127, 51.5457996)"
27365300,Barnsbury,suburb,"c(-0.114735, 51.5389351)"
27365302,Greenwich,town,"c(-0.0045417, 51.4820845)"
27365303,Charlton,suburb,"c(0.0365359, 51.4826053)"
27365305,Lewisham,town,"c(-0.0101331, 51.4624325)"
27365306,City of Westminster,city,"c(-0.137149, 51.4973206)"
27365501,Willesden,town,"c(-0.2358661, 51.5466216)"
27365505,Wembley,town,"c(-0.2957562, 51.5531547)"
27365506,Hillingdon,suburb,"c(-0.453256, 51.532563)"
27365507,Ruislip,town,"c(-0.4278453, 51.5775626)"
27365508,Uxbridge,town,"c(-0.4816672, 51.5449509)"
27365509,Harrow on the Hill,suburb,"c(-0.3406636, 51.5715948)"
27365510,Northwood,suburb,"c(-0.4205812, 51.6051713)"
27365511,Pinner,suburb,"c(-0.3770142, 51.5968712)"
27365512,Wealdstone,suburb,"c(-0.3294758, 51.5936353)"
27365513,Brentford,town,"c(-0.3216623, 51.4863958)"
27380330,Romford,town,"c(0.1822646, 51.5760462)"
27396436,South Kensington,suburb,"c(-0.1831368, 51.4955817)"
27396490,Knightsbridge,suburb,"c(-0.166965, 51.5008444)"
27467064,Whitehall,locality,"c(-0.1260826, 51.5023278)"
27467065,Fitzrovia,suburb,"c(-0.1410017, 51.5187642)"
27467066,Marylebone,suburb,"c(-0.1504553, 51.5220589)"
27467067,Chelsea,suburb,"c(-0.1687007, 51.4875167)"
27467182,Kensington,town,"c(-0.1991229, 51.4989948)"
27467184,Paddington,suburb,"c(-0.1792423, 51.5163047)"
27467185,Maida Vale,suburb,"c(-0.1905916, 51.527592)"
27481928,De Beauvoir Town,quarter,"c(-0.0801312, 51.5405639)"
27481929,Homerton,suburb,"c(-0.0399629, 51.5504686)"
27485887,Orpington,town,"c(0.1062656, 51.3805351)"
27485888,Chislehurst,suburb,"c(0.0769545, 51.4115718)"
27485890,Thamesmead,suburb,"c(0.1148486, 51.4989335)"
27485891,St Mary Cray,suburb,"c(0.1138557, 51.3954765)"
27485892,Bexley,suburb,"c(0.150488, 51.4416793)"
27485893,Erith,suburb,"c(0.1823013, 51.4775613)"
27485894,Bexleyheath,town,"c(0.1480552, 51.4634854)"
27485895,Dartford,town,"c(0.21807, 51.4443059)"
27485896,Eynsford,village,"c(0.2128777, 51.3676322)"
27486052,Biggin Hill,town,"c(0.0327167, 51.3166288)"
27486121,Canning Town,suburb,"c(0.0134976, 51.5181741)"
27486122,West Ham,suburb,"c(0.0077912, 51.5343247)"
27486150,Becontree,suburb,"c(0.1275378, 51.5492654)"
27486181,Rainham,suburb,"c(0.1996559, 51.5167284)"
27486184,South Hornchurch,suburb,"c(0.1912727, 51.5330916)"
27529126,Harringay,suburb,"c(-0.0996181, 51.582382)"
27529289,Chiswick,town,"c(-0.263818, 51.4923137)"
27529290,Isleworth,suburb,"c(-0.3263111, 51.4683558)"
27534857,Hanwell,suburb,"c(-0.3381584, 51.5089838)"
27535022,Greenford,suburb,"c(-0.3527601, 51.5279378)"
27535701,Harrow,town,"c(-0.337475, 51.581091)"
27536665,South Harrow,suburb,"c(-0.352919, 51.565869)"
27553615,Plaistow,suburb,"c(0.0249097, 51.5293798)"
27553702,Kennington,suburb,"c(-0.1116818, 51.4824378)"
27553707,Vauxhall,suburb,"c(-0.1229297, 51.4874834)"
27553712,Southwark,suburb,"c(-0.103458, 51.5029222)"
27553719,Lambeth,suburb,"c(-0.117287, 51.5013012)"
27553725,Stockwell,suburb,"c(-0.1209153, 51.4672993)"
27553734,Camberwell,suburb,"c(-0.0925416, 51.4745706)"
27553742,East Dulwich,quarter,"c(-0.0727322, 51.4585551)"
27553749,Dulwich,suburb,"c(-0.0843244, 51.4418786)"
27553768,Forest Hill,suburb,"c(-0.0539538, 51.439108)"
27554058,Deptford,suburb,"c(-0.0215164, 51.4758453)"
27554063,New Cross Gate,suburb,"c(-0.045284, 51.4746978)"
27554266,Battersea,suburb,"c(-0.172214, 51.4707933)"
27554267,Clapham,town,"c(-0.1388561, 51.4622924)"
27590700,Otford,village,"c(0.189574, 51.3125727)"
27590701,Kemsing,village,"c(0.228448, 51.3060009)"
27729031,Southgate,suburb,"c(-0.123596, 51.6281547)"
27729624,Hornsey,suburb,"c(-0.1209667, 51.5873645)"
27729625,Finchley,suburb,"c(-0.1805587, 51.5973246)"
27730054,Mill Hill,suburb,"c(-0.2330675, 51.6154423)"
27730148,Elstree,village,"c(-0.2994431, 51.6436161)"
27731303,Woodford,suburb,"c(0.0395776, 51.6051901)"
27731306,Buckhurst Hill,town,"c(0.0415283, 51.6268617)"
27731566,Barkingside,suburb,"c(0.0848694, 51.588311)"
27731567,Newbury Park,suburb,"c(0.0922634, 51.5758531)"
27731568,Wanstead,suburb,"c(0.0277989, 51.5756739)"
27732675,Welling,suburb,"c(0.1059038, 51.46529)"
27732676,Plumstead,suburb,"c(0.0924286, 51.4804635)"
27732678,Abbey Wood,suburb,"c(0.1140504, 51.487621)"
28296776,Penge,suburb,"c(-0.0534213, 51.4146841)"
29174784,Purfleet-on-Thames,village,"c(0.2395499, 51.4816756)"
29174785,Southfleet,village,"c(0.3189871, 51.4158151)"
29174786,Wennington,village,"c(0.2205249, 51.5043496)"
29174787,Little Warley,village,"c(0.3145195, 51.5874369)"
29174788,West Thurrock,suburb,"c(0.2721259, 51.47712)"
29174803,Great Warley,village,"c(0.2931328, 51.5901103)"
29174853,Childerditch,hamlet,"c(0.3293708, 51.5840074)"
29174859,Coxtie Green,village,"c(0.2563477, 51.6380165)"
29174871,Navestock Side,hamlet,"c(0.254122, 51.6514044)"
29174879,Navestock,village,"c(0.2222359, 51.6534149)"
29174886,Kelvedon Hatch,village,"c(0.2744235, 51.6660489)"
29175027,Hook Green,hamlet,"c(0.3168438, 51.4108603)"
29175344,Longfield,village,"c(0.3010947, 51.3976765)"
29175345,Stapleford Tawney,village,"c(0.1723332, 51.6694753)"
29175346,Passingford Bridge,hamlet,"c(0.1764864, 51.6586566)"
29175347,Hartley,village,"c(0.3077399, 51.3833395)"
29175348,Stanford Rivers,village,"c(0.2204312, 51.6865657)"
29207450,Woodhatch,village,"c(0.1690019, 51.6904756)"
29368760,Northfleet,town,"c(0.3365303, 51.4432937)"
29369448,Swanley,town,"c(0.1775761, 51.3956843)"
29402048,Herne Hill,suburb,"c(-0.1001002, 51.4554407)"
29402049,Tulse Hill,suburb,"c(-0.1020591, 51.4412109)"
29786791,St Mary's Platt,village,"c(0.3237301, 51.2896265)"
29787128,Halstead,village,"c(0.1363038, 51.3301532)"
29787129,Knockholt Pound,village,"c(0.1254799, 51.3167825)"
29787167,Badger's Mount,village,"c(0.1468094, 51.3398948)"
29787168,Chelsfield,village,"c(0.1272878, 51.3579434)"
29944851,Wood End,neighbourhood,"c(-0.3521696, 51.5538342)"
30427042,Sheen Gate,locality,"c(-0.2675908, 51.4569272)"
30478533,Robin Hood Gate,locality,"c(-0.2563221, 51.4363489)"
30480214,Ladderstile Gate,locality,"c(-0.2755228, 51.4258261)"
30553242,Bog Gate,locality,"c(-0.2825062, 51.4564409)"
30738531,Ham,suburb,"c(-0.3092987, 51.4347641)"
30759430,Sudbury Hill,suburb,"c(-0.3320218, 51.5609382)"
30836298,Sipson,village,"c(-0.4562064, 51.489419)"
31000778,Carshalton,town,"c(-0.1610857, 51.3657883)"
31036372,Heston,suburb,"c(-0.3719561, 51.4854573)"
31036373,Osterley,suburb,"c(-0.3517985, 51.4832218)"
31036374,Hounslow,town,"c(-0.3613471, 51.4686132)"
31424254,Harmondsworth,suburb,"c(-0.4755435, 51.4889317)"
31425699,West Drayton,suburb,"c(-0.4662704, 51.503513)"
31471981,Ham Gate,locality,"c(-0.2919969, 51.4320447)"
31922291,Streatham Hill,suburb,"c(-0.122249, 51.4406366)"
33382361,North Woolwich,suburb,"c(0.064154, 51.5004071)"
33499702,Brownswood Park,neighbourhood,"c(-0.0972619, 51.5647805)"
33758152,Beddington,suburb,"c(-0.1323928, 51.3719875)"
33758228,Wallington,suburb,"c(-0.1495621, 51.357945)"
36489724,Lampton,suburb,"c(-0.3641365, 51.4776251)"
41031645,Harold Wood,suburb,"c(0.2310497, 51.5936326)"
41045184,Harold Hill,suburb,"c(0.2201549, 51.6049)"
45067887,Fiddlers Hamlet,hamlet,"c(0.1314196, 51.6887322)"
45365899,Ardleigh Green,suburb,"c(0.2209904, 51.5841911)"
45378448,Emerson Park,suburb,"c(0.223239, 51.5714963)"
50015647,The Nurserylands,locality,"c(-0.3834295, 51.4270176)"
52651669,Havering-Atte-Bower,village,"c(0.1823672, 51.6191842)"
52702525,Abridge,village,"c(0.1186571, 51.6509826)"
52704172,Chigwell Row,village,"c(0.1153993, 51.6195166)"
52706783,Collier Row,suburb,"c(0.1615162, 51.599912)"
56236733,Gidea Park,suburb,"c(0.2059524, 51.5811818)"
56255915,Mount End,hamlet,"c(0.152436, 51.6898094)"
58670751,New Barn,village,"c(0.3305355, 51.3964079)"
58670756,Ash,village,"c(0.2978006, 51.3553217)"
58672612,Betsham,hamlet,"c(0.3069689, 51.4203149)"
58674814,Bean,village,"c(0.2866341, 51.4264576)"
58676793,Greenhithe,village,"c(0.2817634, 51.4507436)"
58676796,Worcester Park Estate,village,"c(0.2722848, 51.4495521)"
58685756,Darenth,village,"c(0.2567858, 51.4205717)"
58685757,South Darenth,village,"c(0.2479378, 51.403986)"
58685758,Sutton at Hone,village,"c(0.2353934, 51.4109769)"
58685759,Hawley,village,"c(0.222719, 51.4218992)"
58685760,Horton Kirby,village,"c(0.2447364, 51.3930097)"
58685761,Farningham,village,"c(0.2235899, 51.3783813)"
58685763,Wilmington,village,"c(0.2026679, 51.4271361)"
58688743,Hextable,village,"c(0.1803566, 51.4119981)"
59193109,Whitton,suburb,"c(-0.3579759, 51.4511693)"
59354349,Ruxley,village,"c(0.1326256, 51.4143345)"
59842030,Cranford,suburb,"c(-0.4096772, 51.4806709)"
60465311,Clockhouse,neighbourhood,"c(-0.1568827, 51.3260695)"
63805934,Selsdon,suburb,"c(-0.0607688, 51.3443067)"
64653632,Sydenham,town,"c(-0.0523877, 51.4267658)"
82757769,Ockham,village,"c(-0.4599701, 51.2985631)"
84903406,Addington,village,"c(-0.0316347, 51.3586365)"
86947053,Benhilton,neighbourhood,"c(-0.1915714, 51.3716416)"
88374730,Kenley,suburb,"c(-0.1037854, 51.3227524)"
88374952,Purley,suburb,"c(-0.115893, 51.3385156)"
88375798,Warlingham,town,"c(-0.0557157, 51.309559)"
88376040,Whyteleafe,suburb,"c(-0.079236, 51.3110566)"
89076190,New Addington,village,"c(-0.0162924, 51.3425414)"
89456179,Farleigh,hamlet,"c(-0.0324515, 51.3246297)"
94197116,Hamsey Green,village,"c(-0.0649195, 51.3200103)"
102949203,Tatsfield,village,"c(0.0260163, 51.2954522)"
105539532,South Norwood,suburb,"c(-0.0768216, 51.3980951)"
106227330,West Wickham,suburb,"c(-0.0146843, 51.3758036)"
115706804,Keston,village,"c(0.0290762, 51.3609685)"
123921330,Beckenham,suburb,"c(-0.0303183, 51.4070938)"
128562066,Coulsdon,town,"c(-0.1393506, 51.3199716)"
130220149,Hooley,village,"c(-0.1550824, 51.2923793)"
130220175,Old Coulsdon,village,"c(-0.119647, 51.307089)"
130823478,Elmers End,suburb,"c(-0.0416048, 51.3994675)"
138187664,Shirley,suburb,"c(-0.0466335, 51.3749243)"
138193218,Chipstead,village,"c(-0.1708323, 51.3101043)"
151027906,Harlington,village,"c(-0.4363028, 51.4884891)"
151210267,Fairseat,hamlet,"c(0.3284019, 51.3285262)"
155037025,Borough Green,village,"c(0.3069949, 51.2908494)"
155037028,Ightham,village,"c(0.2874115, 51.2873368)"
157342882,Hatton,village,"c(-0.4189375, 51.4658301)"
158758387,Ashford,town,"c(-0.4619837, 51.4330238)"
159565755,Stanwell,village,"c(-0.4778216, 51.4544049)"
171803809,Ridley,hamlet,"c(0.321877, 51.3527679)"
171807882,Stansted,village,"c(0.3054919, 51.3354937)"
171816143,Fawkham,village,"c(0.2943523, 51.3879037)"
172932858,Swanscombe,village,"c(0.3065743, 51.4436966)"
178897156,Fetcham,village,"c(-0.3562402, 51.2960245)"
183613836,Cranham,suburb,"c(0.2679097, 51.5614882)"
199049783,Chevening,village,"c(0.1346404, 51.2972452)"
199049788,Dunton Green,village,"c(0.1657271, 51.2957774)"
199049805,Cudham,village,"c(0.0748332, 51.3163662)"
199050926,Knockholt,village,"c(0.1060247, 51.3094585)"
199076802,Nash,hamlet,"c(0.0167418, 51.3569444)"
206144557,The Beveree,neighbourhood,"c(-0.3639269, 51.4146463)"
207141595,Peckham,suburb,"c(-0.0699321, 51.4734122)"
207631298,White Horse Gate,locality,"c(-0.1558361, 51.5026335)"
211408638,Langley Vale,hamlet,"c(-0.2680163, 51.3064888)"
215809322,Rayners Lane,suburb,"c(-0.3703002, 51.5767143)"
221170550,Waltham Abbey,suburb,"c(-0.0009449, 51.6892068)"
242917397,Tolworth,neighbourhood,"c(-0.2828604, 51.3788758)"
243814259,Hoxton,suburb,"c(-0.086078, 51.5323935)"
244754857,Havering Grange,locality,"c(0.173399, 51.6092901)"
247921151,Belmont,village,"c(-0.2011522, 51.3437847)"
249335467,Roundshaw,neighbourhood,"c(-0.1305736, 51.3535628)"
249674698,Mitcham,suburb,"c(-0.1640787, 51.4058006)"
249856021,Cranford Cross,village,"c(-0.4195652, 51.4840821)"
250968494,Shoreham,village,"c(0.1788722, 51.3336903)"
252604377,Little End,village,"c(0.229078, 51.6808638)"
253101009,Worton,suburb,"c(-0.3463595, 51.4647068)"
255747342,Ponders End,suburb,"c(-0.0403754, 51.6443511)"
255747617,Cockfosters,suburb,"c(-0.1493822, 51.6476356)"
255755993,Winchmore Hill,quarter,"c(-0.1033617, 51.6333948)"
255756095,Palmers Green,suburb,"c(-0.1127378, 51.6222544)"
256576485,Crockenhill,village,"c(0.1608166, 51.382114)"
259776881,Bucks Hill,village,"c(-0.4785359, 51.6915958)"
259777720,Sarratt,village,"c(-0.4933601, 51.6836652)"
262200466,Joydens Wood,suburb,"c(0.170417, 51.4269656)"
266798614,Worcester Park,suburb,"c(-0.2416597, 51.3785033)"
266798801,Cheam,village,"c(-0.2162414, 51.3576155)"
266799034,Stoneleigh,suburb,"c(-0.2462611, 51.3627372)"
267113332,North Cheam,village,"c(-0.220225, 51.3715776)"
267113333,Carshalton Beeches,neighbourhood,"c(-0.1712613, 51.3563143)"
269611584,Hadley Wood,suburb,"c(-0.1735167, 51.6671608)"
279566588,Sewardstonebury,village,"c(0.0101532, 51.6452142)"
281041529,Somers Town,suburb,"c(-0.1374411, 51.5313031)"
285732347,Barset Estate,quarter,"c(-0.0526635, 51.4656824)"
285732351,Tappesfield Estate,neighbourhood,"c(-0.0560195, 51.4648375)"
288848078,Butler's Wharf,neighbourhood,"c(-0.0739092, 51.5036914)"
297805659,Hampton,suburb,"c(-0.3691409, 51.4150272)"
297956674,Langley Bottom,locality,"c(-0.2718654, 51.3038398)"
297957507,Ashtead,village,"c(-0.3071682, 51.3055227)"
298114911,Cobham Park,locality,"c(-0.4073785, 51.3191879)"
298115041,Cobham Tilt,locality,"c(-0.4036388, 51.3223266)"
298116215,Hatchford,village,"c(-0.4330603, 51.3093014)"
298116256,May's Green,hamlet,"c(-0.428614, 51.302565)"
298116277,Martyr's Green,hamlet,"c(-0.4406434, 51.3046357)"
298116436,Telegraph Hill,locality,"c(-0.4383387, 51.3159267)"
298116470,Ockham Common,locality,"c(-0.4503709, 51.3182745)"
298116472,Foxwarren Park,locality,"c(-0.4625592, 51.3280586)"
298116497,Manor Farm,locality,"c(-0.467301, 51.3318988)"
298130262,Norwood Farm,farm,"c(-0.4103093, 51.2886688)"
298717480,Hodsoll Street,village,"c(0.3326439, 51.3429907)"
300045629,Pyrford,village,"c(-0.5080968, 51.3148713)"
300047716,Newmarsh Farm,farm,"c(-0.4128569, 51.2973622)"
303927927,Spring Grove,suburb,"c(-0.3440115, 51.4798335)"
303928104,Woodlands,suburb,"c(-0.3374321, 51.4721654)"
303997963,Lamorbey,village,"c(0.1018049, 51.4355092)"
305580585,Farthing Street,hamlet,"c(0.0516602, 51.3461033)"
309776226,Borehamwood,town,"c(-0.2706506, 51.6604863)"
309777111,Leavesden,village,"c(-0.4144152, 51.6913926)"
309777285,Garston,village,"c(-0.3956985, 51.6857896)"
313489798,Clarendon Park,hamlet,"c(-0.35946, 51.3377465)"
313490648,Birds Hill Estate,hamlet,"c(-0.3514176, 51.3382452)"
314397124,Manor Park,hamlet,"c(-0.2881994, 51.3402894)"
314729225,Watford Heath,suburb,"c(-0.385174, 51.640054)"
317422235,Malden Rushett,hamlet,"c(-0.3190757, 51.3410523)"
318696154,Longford,village,"c(-0.4908047, 51.4812266)"
333257735,Hatchford Wood,locality,"c(-0.4386377, 51.3132593)"
344093927,Seven Dials,neighbourhood,"c(-0.1269968, 51.5137742)"
360873726,Ebbsfleet,suburb,"c(0.3194846, 51.4416277)"
362908707,Little Ilford,suburb,"c(0.0625225, 51.550298)"
364663239,Harrow Weald,suburb,"c(-0.3404854, 51.6047861)"
364663370,Belmont,suburb,"c(-0.3181008, 51.601225)"
364664007,Stanmore,suburb,"c(-0.3095111, 51.6174205)"
364664640,Kenton,suburb,"c(-0.3134253, 51.5846627)"
364844511,Kingsbury,quarter,"c(-0.2761328, 51.5836301)"
373502926,Kempton Park,village,"c(-0.4051059, 51.4202007)"
380743163,Hatch End,suburb,"c(-0.3735477, 51.6084403)"
383729579,Saint Luke's,neighbourhood,"c(-0.0959005, 51.5268671)"
385147398,Roehampton,suburb,"c(-0.2412672, 51.4498773)"
385147523,East Sheen,suburb,"c(-0.267094, 51.4623706)"
385148479,Mortlake,suburb,"c(-0.2685226, 51.4698873)"
388601129,Teddington Lock,locality,"c(-0.3237116, 51.4314302)"
389783501,Thames Barrier,locality,"c(0.0372953, 51.4968848)"
390315780,Southfields,suburb,"c(-0.2064713, 51.4447618)"
399607277,Camden Town,town,"c(-0.1395604, 51.5423045)"
400704579,White City Estate,neighbourhood,"c(-0.2325717, 51.5125644)"
409700968,Nunhead,suburb,"c(-0.0535056, 51.4615309)"
410647565,Seal,village,"c(0.2206324, 51.289618)"
410647948,Greatness,suburb,"c(0.1992177, 51.2900206)"
410895395,Bat and Ball,locality,"c(0.1935819, 51.2883625)"
420364248,Bickley Park,locality,"c(0.0529035, 51.4041497)"
420876704,Widmore,suburb,"c(0.0351602, 51.4023963)"
423749783,Wimbledon,town,"c(-0.2064027, 51.4214787)"
429884631,Crittall's Corner,locality,"c(0.1131681, 51.4130041)"
430826269,Petersham,suburb,"c(-0.3052934, 51.4436913)"
431507207,Blackheath,suburb,"c(0.0085624, 51.4663175)"
431524383,Thornton Heath,suburb,"c(-0.099602, 51.3988709)"
447843121,Cricklewood,suburb,"c(-0.2157507, 51.5566986)"
449117069,Crossways,locality,"c(0.2572352, 51.4555392)"
449298831,Horns Cross,locality,"c(0.2639246, 51.4467913)"
449301526,Dartford Marshes,locality,"c(0.22007, 51.4715599)"
449351611,Downs Farm,farm,"c(0.2420045, 51.4335548)"
450524790,South Bank,quarter,"c(-0.1096808, 51.5080347)"
469779298,Riverhill,neighbourhood,"c(-0.2687702, 51.3771651)"
485232431,St. Mark's Gate,locality,"c(-0.1522492, 51.5365233)"
485232450,Monkey Gate,locality,"c(-0.1588139, 51.5350286)"
529458253,Colney Hatch junction,locality,"c(-0.1514185, 51.606596)"
529458254,North Finchley,suburb,"c(-0.1756922, 51.6124905)"
539724960,Fawkham Green,village,"c(0.276276, 51.3664136)"
559739378,Fish Island,neighbourhood,"c(-0.0229053, 51.5394491)"
565457860,Borough,quarter,"c(-0.093802, 51.5022704)"
568360408,Batchworth Heath,locality,"c(-0.44382, 51.6204608)"
568572880,Brockley,suburb,"c(-0.0360868, 51.4578328)"
568590483,Honor Oak,suburb,"c(-0.0399142, 51.4499075)"
568590491,Ladywell,suburb,"c(-0.0203239, 51.4565877)"
582666826,Springhead,hamlet,"c(0.3248477, 51.4308236)"
591984822,Snaresbrook,suburb,"c(0.0228777, 51.5831734)"
596780321,Becontree Heath,suburb,"c(0.1478793, 51.5610299)"
596796167,Dagenham,suburb,"c(0.1481142, 51.5413271)"
597337167,Richings Park,suburb,"c(-0.5076939, 51.5073322)"
597379779,Scrattons Farm,suburb,"c(0.1324402, 51.5304104)"
597379918,Thames View,suburb,"c(0.1043626, 51.5286041)"
597399332,Hornchurch,suburb,"c(0.2212279, 51.5613235)"
597405972,Chadwell Heath,suburb,"c(0.1297842, 51.5700474)"
597405975,Marks Gate,suburb,"c(0.1348482, 51.5863692)"
597406950,Little Heath,suburb,"c(0.1171352, 51.5808369)"
597407039,Goodmayes,quarter,"c(0.1186977, 51.564204)"
597407482,Seven Kings,quarter,"c(0.0951492, 51.5657811)"
597413365,Station Parade,locality,"c(-0.0019923, 51.5859889)"
597413690,Ilford,town,"c(0.0711669, 51.5582734)"
599939358,Aldenham,village,"c(-0.3520014, 51.6735426)"
613939711,Green Street Green,village,"c(0.2778247, 51.4134742)"
615628129,Sun Gate,locality,"c(-0.1633211, 51.4749782)"
620872406,Temple Fortune,suburb,"c(-0.1990538, 51.5819126)"
626591740,Balham,suburb,"c(-0.1503643, 51.4456449)"
644144789,Swanley Village,village,"c(0.1954951, 51.4049133)"
650932560,Albert Gate,locality,"c(-0.1652503, 51.4795697)"
653846856,Kingston Gate,locality,"c(-0.2863837, 51.4202532)"
701379193,Kingston upon Thames,town,"c(-0.3062621, 51.4096275)"
704603329,Rush Green,locality,"c(0.170001, 51.5663201)"
705552897,Doggett's Corner,locality,"c(0.2293385, 51.5600238)"
705682847,Corbets Tey,suburb,"c(0.2513598, 51.5429422)"
709103709,Collection Place,locality,"c(-0.1850926, 51.5378856)"
713182894,Loudwater,village,"c(-0.4772953, 51.6572324)"
716816528,Westbourne Green,neighbourhood,"c(-0.1908172, 51.5189617)"
717458583,Elizabeth Gate,locality,"c(-0.2913393, 51.4843822)"
747140064,Ingrebourne Farm,farm,"c(0.2420829, 51.5839349)"
747140069,Prospect Farm,farm,"c(0.2374436, 51.5846787)"
747154045,Hillside Farm,farm,"c(0.1890743, 51.6234102)"
747154048,Tysea Hill,locality,"c(0.1894359, 51.6316037)"
747154053,Horseshoe Farm,farm,"c(0.1888854, 51.6215248)"
748823935,Woolwich,town,"c(0.0623335, 51.4826696)"
764881525,Orme Square Gate,locality,"c(-0.1897868, 51.5099538)"
772115343,Heaverham,hamlet,"c(0.2534032, 51.3063784)"
772115691,Crowdleham,hamlet,"c(0.247021, 51.3073515)"
772117468,Romney Street,hamlet,"c(0.2256766, 51.3307673)"
772124555,West Kingsdown,village,"c(0.2562674, 51.3486842)"
780114223,Cambrian Gate,locality,"c(-0.2919905, 51.4529531)"
791443844,Sun In The Sands Roundabout,locality,"c(0.0245324, 51.4748133)"
802195674,Manor Barn,locality,"c(-0.3797631, 51.3166969)"
802424814,Sherwood,locality,"c(-0.4546886, 51.3404612)"
818628534,Staples Corner,locality,"c(-0.228755, 51.5726434)"
878184976,Carpenders Park,suburb,"c(-0.380024, 51.6294667)"
878184986,South Oxhey,suburb,"c(-0.3907957, 51.6248579)"
893492774,Red Lion Farm,farm,"c(-0.4931208, 51.6869556)"
942790947,Regent's Canal towpath Trailhead Westside,locality,"c(-0.1677641, 51.5279854)"
977659244,Oxshott,village,"c(-0.3565451, 51.3332866)"
1109765916,Palace Gate,locality,"c(-0.1842831, 51.5018785)"
1109765917,Hyde Park Gate,locality,"c(-0.1822945, 51.5015706)"
1109765920,Queen's Gate,locality,"c(-0.1804476, 51.501635)"
1111729860,Commonwood,hamlet,"c(-0.4873869, 51.6915574)"
1123412172,High Barnet,suburb,"c(-0.2005407, 51.6531493)"
1139095970,Motspur Park,suburb,"c(-0.2488979, 51.3909852)"
1143192152,The Hamptons,neighbourhood,"c(-0.2379296, 51.3854486)"
1164346955,Bishop's Gate,locality,"c(-0.2935455, 51.4521219)"
1166364131,Mill End,suburb,"c(-0.4927717, 51.6371126)"
1180388768,Gray's Inn,locality,"c(-0.1128124, 51.5189382)"
1189132201,The Cedars Estate,suburb,"c(-0.4816778, 51.6400899)"
1189174048,Moneyhill,suburb,"c(-0.4839047, 51.6372003)"
1209147842,Arkley,village,"c(-0.236258, 51.6455827)"
1209358133,Barnet Gate,village,"c(-0.2429855, 51.6418265)"
1210181956,Pinden,hamlet,"c(0.2851292, 51.4004366)"
1212967017,Savoy Circus,locality,"c(-0.2489717, 51.5136767)"
1216041276,Rowley Green,village,"c(-0.2415523, 51.6493057)"
1224748572,Hadley,village,"c(-0.1990421, 51.6629764)"
1224753025,East Barnet,suburb,"c(-0.1628235, 51.6416813)"
1224754174,New Barnet,suburb,"c(-0.171006, 51.6495724)"
1224759066,Brunswick Park,suburb,"c(-0.1481899, 51.6262191)"
1224759110,New Southgate,suburb,"c(-0.1378851, 51.6171653)"
1224760874,Oakleigh Park,quarter,"c(-0.1686559, 51.6374989)"
1228088100,Norbury,suburb,"c(-0.1224869, 51.4110663)"
1275642534,Burgh Heath,village,"c(-0.2186591, 51.3145287)"
1275642546,Tattenham Corner,village,"c(-0.239194, 51.3083842)"
1275642566,Tadworth,village,"c(-0.2326709, 51.2912247)"
1275835685,Rosery Gate,locality,"c(-0.1491022, 51.4780949)"
1284722492,Wandon Estate,neighbourhood,"c(-0.1883642, 51.4804226)"
1313310991,North Kensington,suburb,"c(-0.2106959, 51.5196647)"
1341681399,Beckton,suburb,"c(0.0594257, 51.5160797)"
1341723809,Temple Mills,suburb,"c(-0.0074722, 51.550617)"
1341723817,Upton,locality,"c(0.0275108, 51.5398767)"
1341723818,Cyprus,suburb,"c(0.0670869, 51.5091962)"
1341723823,Upton Park,suburb,"c(0.034673, 51.5369171)"
1341723829,Stratford New Town,suburb,"c(0.0029768, 51.5506778)"
1341723833,Plashet,locality,"c(0.0469514, 51.5440398)"
1341723836,Forest Gate,suburb,"c(0.0249248, 51.5495236)"
1341723842,Manor Park,suburb,"c(0.0476391, 51.5506867)"
1341723845,Wallend,locality,"c(0.0643107, 51.5355384)"
1370329100,Long Ditton,suburb,"c(-0.3199839, 51.384162)"
1370329112,Hinchley Wood,suburb,"c(-0.3389149, 51.3745705)"
1389643453,Broadwater Farm,neighbourhood,"c(-0.0816018, 51.5949286)"
1447934981,Walthamstow Village,neighbourhood,"c(-0.0121451, 51.5836835)"
1447936888,Higham Hill,quarter,"c(-0.0353557, 51.5960399)"
1451345431,New Orleans Estate,neighbourhood,"c(-0.1279303, 51.5731623)"
1452965570,Stroud Green,suburb,"c(-0.1114972, 51.5716864)"
1503483262,Royal Standard,locality,"c(0.0192037, 51.4770294)"
1569016949,Kilburn,town,"c(-0.1979358, 51.541882)"
1586007714,Botany Bay,village,"c(-0.1259027, 51.6765805)"
1588340035,Ewell,village,"c(-0.2511759, 51.3502402)"
1588340047,Epsom,town,"c(-0.2678212, 51.3326098)"
1588532090,Stoke D'Abernon,village,"c(-0.386805, 51.3210307)"
1588532106,Cobham,town,"c(-0.4120821, 51.3300079)"
1588713209,Downside,village,"c(-0.4081727, 51.3113733)"
1598181905,Weybridge,town,"c(-0.4549297, 51.3727175)"
1602659681,Harefield,village,"c(-0.4825622, 51.6041828)"
1604072571,Doddinghurst,village,"c(0.298785, 51.6656185)"
1604515476,Theydon Bois,village,"c(0.1007441, 51.671531)"
1604718476,Brentwood,town,"c(0.3018662, 51.6201654)"
1608537020,Upshire,hamlet,"c(0.0448557, 51.6909504)"
1616168126,Stondon Massey,hamlet,"c(0.2862114, 51.6817873)"
1625023254,South Weald,village,"c(0.2690058, 51.6207568)"
1625290859,Pilgrims' Hatch,village,"c(0.2871626, 51.6401039)"
1634087747,Weybridge Park,locality,"c(-0.4562843, 51.367001)"
1639959450,Fulham,town,"c(-0.2060772, 51.4744221)"
1653239257,St. James's,neighbourhood,"c(-0.1365727, 51.5079082)"
1669242693,Telegraph Hill,neighbourhood,"c(-0.0467923, 51.4686583)"
1671182708,Hampstead,town,"c(-0.1737206, 51.5580835)"
1674488095,Little Venice,locality,"c(-0.1824045, 51.5211948)"
1676498735,Charlton,village,"c(-0.4440321, 51.4104115)"
1699989038,Addlestone,town,"c(-0.4895675, 51.3710908)"
1699989053,Chertsey,town,"c(-0.5038294, 51.392296)"
1699989059,Shepperton,town,"c(-0.448532, 51.3957695)"
1699989060,Sunbury-on-Thames,town,"c(-0.4118589, 51.4077066)"
1712699729,Morden,suburb,"c(-0.1938973, 51.4006852)"
1712699730,Raynes Park,suburb,"c(-0.2312868, 51.4106243)"
1712699731,Merton,suburb,"c(-0.1880608, 51.4143912)"
1712699734,Merton Park,suburb,"c(-0.2019654, 51.4079938)"
1712711930,Lower Morden,suburb,"c(-0.2163635, 51.3897736)"
1712711947,New Malden,suburb,"c(-0.2634066, 51.4053347)"
1712794721,Walton-on-Thames,town,"c(-0.419814, 51.3856837)"
1716927288,Finsbury,suburb,"c(-0.0914245, 51.521798)"
1726232156,Banstead,town,"c(-0.1986813, 51.3238969)"
1727575437,Bridge End,hamlet,"c(-0.4540897, 51.3016767)"
1733864727,Chessington,suburb,"c(-0.2986216, 51.358336)"
1734271740,Hook,suburb,"c(-0.3071453, 51.3678984)"
1736768189,Surbiton,suburb,"c(-0.3033105, 51.3937557)"
1744225322,Claygate,village,"c(-0.3373805, 51.3603482)"
1747078522,Chatley Heath,locality,"c(-0.442837, 51.3168436)"
1747512598,Boyle Farm Island,locality,"c(-0.3297187, 51.3926661)"
1754969638,Stapleford Abbotts,village,"c(0.1770858, 51.6301496)"
1755339535,Childs Hill,quarter,"c(-0.1972494, 51.5629822)"
1755339536,Brent Cross,suburb,"c(-0.2183801, 51.5767595)"
1755342824,West Hendon,suburb,"c(-0.2403793, 51.578213)"
1755342828,Colindale,suburb,"c(-0.256773, 51.5915192)"
1755346697,Colney Hatch,suburb,"c(-0.1480126, 51.6025172)"
1755356230,Woodside Park,suburb,"c(-0.187084, 51.6208368)"
1755356236,West Finchley,suburb,"c(-0.1946371, 51.6088451)"
1756264130,Enfield Highway,quarter,"c(-0.0470996, 51.6570215)"
1756264131,Brimsdown,quarter,"c(-0.0231555, 51.6587679)"
1756264132,Carterhatch,quarter,"c(-0.062018, 51.6606887)"
1756268163,Enfield Island Village,quarter,"c(-0.0152295, 51.6693018)"
1769839658,Chalk Farm,suburb,"c(-0.1508199, 51.5436179)"
1769839663,Belsize Park,suburb,"c(-0.1683005, 51.5473926)"
1787971132,Croxley Green,suburb,"c(-0.4454648, 51.6508446)"
1811844254,Kent Gate,hamlet,"c(-0.0196102, 51.3634763)"
1832568791,New Ash Green,village,"c(0.3035691, 51.3657418)"
1835118621,Sutton,town,"c(-0.1906996, 51.360398)"
1846244237,West Hampstead,suburb,"c(-0.1917279, 51.5509898)"
1846244241,South Hampstead,suburb,"c(-0.1852026, 51.5435046)"
1846245190,Swiss Cottage,neighbourhood,"c(-0.1750178, 51.5438518)"
1846245653,Tufnell Park,suburb,"c(-0.139113, 51.5559163)"
1846251039,North Cricklewood,suburb,"c(-0.2167865, 51.5661866)"
1846253665,Highgate,suburb,"c(-0.1526837, 51.5744322)"
1846253666,Hampstead Garden Suburb,suburb,"c(-0.1806164, 51.5805081)"
1868669482,Holborn,suburb,"c(-0.1137266, 51.5195982)"
1892333702,White Hill,locality,"c(0.1948101, 51.3283756)"
1892468013,Brook Street,hamlet,"c(0.2767783, 51.6137718)"
1910939331,Gold Hill,locality,"c(0.1948293, 51.3377899)"
1910954172,Darenthdale,locality,"c(0.1777984, 51.3405836)"
1910954187,Highfield,locality,"c(0.2101158, 51.3245223)"
1911997473,Noel Park,neighbourhood,"c(-0.1009153, 51.5970269)"
1912019962,Bowes Park,quarter,"c(-0.1199352, 51.6120257)"
1912082054,Harringay Ladder,neighbourhood,"c(-0.1050978, 51.5847966)"
1912190310,Ferme Park Sidings,locality,"c(-0.1093678, 51.5843563)"
1923644598,Caesar's Well,locality,"c(-0.2412144, 51.429465)"
1925384346,Iver,village,"c(-0.5092417, 51.5207742)"
1939814830,Nightingale Triangle,locality,"c(-0.1554812, 51.4484845)"
1954935140,Sanderstead,suburb,"c(-0.0767435, 51.3340837)"
1956519439,Bulls Cross,neighbourhood,"c(-0.0590736, 51.6784103)"
1956520594,Crews Hill,village,"c(-0.0978916, 51.6812016)"
1958820434,Cumberland Gate,locality,"c(-0.1614175, 51.5123055)"
1961338536,Cigarette Island,peninsula,"c(-0.341166, 51.4021066)"
1961861440,Queen Elizabeth Gates,locality,"c(-0.1524213, 51.5041337)"
1971558720,Mitcham Garden Village,locality,"c(-0.1637922, 51.3966262)"
1973883035,Prince of Wales Gate,locality,"c(-0.1702671, 51.5020298)"
1974137909,Edinburgh Gate,locality,"c(-0.1622703, 51.5022862)"
1974137921,Rutland Gate,locality,"c(-0.1684006, 51.5018978)"
1989052306,Friern Village,locality,"c(-0.1496693, 51.608957)"
2018014659,Hamm Court,hamlet,"c(-0.4651175, 51.3798835)"
2048760787,Chelsham,village,"c(-0.033945, 51.3154483)"
2052583613,Holywell,village,"c(-0.4242583, 51.6467923)"
2052585238,North Watford,village,"c(-0.4012117, 51.673946)"
2052585242,West Watford,village,"c(-0.411771, 51.6526237)"
2052592082,Rounton,village,"c(-0.4117269, 51.6731979)"
2052592083,The Rookery,village,"c(-0.4004402, 51.6399584)"
2052592435,Courtlands,village,"c(-0.4186363, 51.6815006)"
2052846100,The Poplars,isolated_dwelling,"c(0.2653886, 51.6075236)"
2052846103,Oak Farm,farm,"c(0.2577084, 51.6052524)"
2052846104,Putwell Bridge Farm,farm,"c(0.2605837, 51.6068909)"
2070110918,Fames Rough,locality,"c(-0.1882453, 51.3010475)"
2086379489,Arkley Park,locality,"c(-0.2542827, 51.6383774)"
2086379492,Elstree Park,locality,"c(-0.2569771, 51.6426228)"
2086379495,Stirling Corner,locality,"c(-0.2546643, 51.6433247)"
2086381372,"Mill Hill, Apex Corner",locality,"c(-0.2551156, 51.6215723)"
2086436560,Broadfields,quarter,"c(-0.270054, 51.6280216)"
2086493453,Canons Corner,neighbourhood,"c(-0.2926841, 51.6217393)"
2087117875,Highwood Hill,neighbourhood,"c(-0.2418093, 51.6272982)"
2087117882,Mill Hill Circus,locality,"c(-0.2446233, 51.6166142)"
2087222063,Thistle Wood,locality,"c(-0.2591203, 51.6385403)"
2087222064,Scratch Wood,locality,"c(-0.2687955, 51.6404726)"
2087222065,Boys Hill Wood,locality,"c(-0.2632616, 51.6390876)"
2087222066,Target Wood,locality,"c(-0.2519738, 51.6349312)"
2087222067,Clump Of Trees Wood,locality,"c(-0.2558576, 51.6361172)"
2087473098,The Chase,neighbourhood,"c(0.3072231, 51.3968111)"
2089091228,Highams Park,neighbourhood,"c(-5.22e-05, 51.6072197)"
2089095722,Chapel End,neighbourhood,"c(-0.0154323, 51.598434)"
2089099112,Upper Walthamstow,quarter,"c(0.0007567, 51.5857628)"
2089099115,Wood Street,neighbourhood,"c(-0.0038474, 51.5879103)"
2089929392,The Hyde,quarter,"c(-0.2419456, 51.5840727)"
2089929393,Grahame Park,quarter,"c(-0.244866, 51.6028898)"
2090526898,Edgware Green,locality,"c(-0.2879134, 51.6210593)"
2097898133,Byfleet,village,"c(-0.472897, 51.3401727)"
2106478607,Hendon Central,suburb,"c(-0.227022, 51.5828243)"
2116229698,Chohole Gate,locality,"c(-0.2431754, 51.4417936)"
2121765546,Great North Leisure Park,locality,"c(-0.17318, 51.6042434)"
2132367879,Redstreet,hamlet,"c(0.3264576, 51.4120689)"
2133924981,Hackney,town,"c(-0.0493621, 51.5432402)"
2137389675,Woodmansterne,village,"c(-0.1697571, 51.3248059)"
2140953884,East Hill,locality,"c(0.2346905, 51.3386003)"
2140953885,Knatts Valley,locality,"c(0.2494727, 51.3339224)"
2140953887,Knockmill,hamlet,"c(0.2565688, 51.3286286)"
2142666564,The Tonsleys,locality,"c(-0.1888747, 51.4585762)"
2142743531,Thames Ditton,suburb,"c(-0.3290769, 51.389182)"
2142758741,Coombe,suburb,"c(-0.2653985, 51.4194499)"
2143331386,Forestdale,suburb,"c(-0.0387563, 51.3513283)"
2143331387,Waddon,suburb,"c(-0.1181995, 51.3649811)"
2143342897,Addiscombe,suburb,"c(-0.0742821, 51.3796916)"
2143342904,Woodcote,neighbourhood,"c(-0.1459324, 51.3460764)"
2143342911,Broad Green,suburb,"c(-0.1083305, 51.3833946)"
2143361135,West Norwood,suburb,"c(-0.1036917, 51.4346192)"
2143774046,Molesey,town,"c(-0.3713094, 51.4029006)"
2143774725,Esher,town,"c(-0.3654406, 51.3693929)"
2143774856,West End,village,"c(-0.3792872, 51.362752)"
2143779938,Clapham Junction,suburb,"c(-0.1678664, 51.463615)"
2143929925,The Wells,village,"c(-0.2909097, 51.3273608)"
2144167585,Sands End,suburb,"c(-0.1871122, 51.4725454)"
2144191662,Nine Elms,quarter,"c(-0.1362629, 51.4787433)"
2144198505,Putney Vale,suburb,"c(-0.2459701, 51.4380193)"
2144202565,Furzedown,suburb,"c(-0.1537022, 51.424389)"
2144202566,Streatham Park,suburb,"c(-0.1452011, 51.4249832)"
2144208752,Abbeville Village,neighbourhood,"c(-0.1398146, 51.4545041)"
2144212125,Clapham Park,suburb,"c(-0.1318354, 51.4562426)"
2145143960,Norbiton,suburb,"c(-0.2873963, 51.4099994)"
2145146467,Kingston Vale,suburb,"c(-0.2581379, 51.43185)"
2145159697,Old Malden,suburb,"c(-0.2590897, 51.382484)"
2146396406,Gloucester Gate,locality,"c(-0.1479111, 51.5352196)"
2164672219,Pot Kilns,hamlet,"c(0.2617546, 51.5754567)"
2175016407,Hersham,suburb,"c(-0.3996815, 51.3655959)"
2175018262,Berrylands,suburb,"c(-0.2848024, 51.3937811)"
2176970106,St Margarets,suburb,"c(-0.3224118, 51.4567091)"
2176976139,Strawberry Hill,suburb,"c(-0.3399367, 51.4385925)"
2187003992,Theydon Mount,hamlet,"c(0.1532935, 51.6806121)"
2203260781,Pratt's Bottom,village,"c(0.1114591, 51.3408843)"
2221910666,Winter's Bridge,locality,"c(-0.325695, 51.3894236)"
2268352172,Notting Hill,suburb,"c(-0.2055267, 51.5109995)"
2268404671,Templepan Farm,farm,"c(-0.4609564, 51.6792631)"
2268404819,Potten Farm,farm,"c(-0.4636576, 51.6767734)"
2268404826,Yew Court Farm,farm,"c(-0.4634801, 51.6779177)"
2272513642,Bayswater,suburb,"c(-0.1876323, 51.5124135)"
2277740496,Chevening House,locality,"c(0.1315123, 51.2988514)"
2279905929,Ripley,village,"c(-0.4926788, 51.3002078)"
2280099604,Maple Cross,village,"c(-0.510188, 51.6241407)"
2288027626,Belgravia,suburb,"c(-0.1534998, 51.4982128)"
2288030394,Victoria,suburb,"c(-0.1413172, 51.4959786)"
2288030397,Millbank,suburb,"c(-0.1290435, 51.4926121)"
2290086954,Covent Garden,suburb,"c(-0.1226769, 51.5117363)"
2298727211,Eastcote,neighbourhood,"c(-0.4016534, 51.5795418)"
2298727214,Eastcote Village,neighbourhood,"c(-0.4063644, 51.5840686)"
2300337944,Chandler's Cross,hamlet,"c(-0.4594091, 51.6728326)"
2301629990,Langleybury,hamlet,"c(-0.4445997, 51.6904338)"
2310429231,Greenhill,locality,"c(-0.3330006, 51.5840017)"
2325649033,Hayes,suburb,"c(-0.4181471, 51.5077154)"
2325948649,Battlers Green,hamlet,"c(-0.3311641, 51.6796551)"
2333135302,Morgan's Walk,locality,"c(-0.172627, 51.47871)"
2333856725,Merry Hill,hamlet,"c(-0.3563564, 51.6416534)"
2333859292,Bushey Heath,village,"c(-0.3426411, 51.6347592)"
2337695663,Timberden Valley,locality,"c(0.1645638, 51.3357354)"
2341659805,Winfield Park,hamlet,"c(-0.3563989, 51.6662799)"
2343904433,Letchmore Heath,village,"c(-0.3361193, 51.6674096)"
2343904449,Patchetts Green,hamlet,"c(-0.3513113, 51.6642953)"
2345895100,West Byfleet,village,"c(-0.5065245, 51.3373982)"
2349996154,Wisley,village,"c(-0.4774993, 51.32338)"
2356804004,Magpie Bottom,locality,"c(0.2156466, 51.3272447)"
2360980422,Spurgeon's Bridge,locality,"c(-0.0985085, 51.3827564)"
2369008993,Golders Green,suburb,"c(-0.1955219, 51.5718315)"
2392802550,Canonbury,suburb,"c(-0.0906318, 51.5438298)"
2392813733,Mildmay Park,neighbourhood,"c(-0.0852963, 51.5473979)"
2397757873,Park Farm,locality,"c(-0.1844386, 51.3098653)"
2397757878,Perrotts Farm,locality,"c(-0.1945331, 51.3045556)"
2402614657,Chalker's Corner,locality,"c(-0.2766757, 51.469087)"
2405848798,Upper Norwood,suburb,"c(-0.0940347, 51.4164053)"
2449518304,Theydon Garnon,village,"c(0.1255423, 51.6722805)"
2482174799,Otterspool,neighbourhood,"c(-0.3651527, 51.6682906)"
2484565491,Wanstead Slip,suburb,"c(0.0067632, 51.5527616)"
2495106058,Haringey Heartlands,neighbourhood,"c(-0.1131004, 51.5916767)"
2496071363,Preston,suburb,"c(-0.2915108, 51.5762155)"
2528090562,North Wembley,suburb,"c(-0.3115614, 51.5677557)"
2534885941,New Haw,neighbourhood,"c(-0.4968942, 51.3498725)"
2595103132,Petts Wood,suburb,"c(0.0771282, 51.3909147)"
2595113712,Farnborough,suburb,"c(0.0744282, 51.3648907)"
2595113717,Locksbottom,suburb,"c(0.0625805, 51.3670479)"
2595115193,Bromley Common,suburb,"c(0.0438187, 51.3758752)"
2595123135,Green Street Green,suburb,"c(0.0838757, 51.3507678)"
2607925358,High Beach,locality,"c(0.0311699, 51.6615191)"
2669075054,Laleham,village,"c(-0.4902658, 51.4089005)"
2677882673,Tudor Estate,village,"c(-0.3833737, 51.6753323)"
2681755460,Anerley,neighbourhood,"c(-0.0619394, 51.4075993)"
2681755461,Upper Sydenham,quarter,"c(-0.060673, 51.4324021)"
2681755462,Crofton Park,neighbourhood,"c(-0.0368661, 51.454795)"
2687144774,Meriden,village,"c(-0.3810587, 51.6827113)"
2687144776,Kingswood,village,"c(-0.4033349, 51.6896811)"
2689556581,Connaught Park,hamlet,"c(-0.3696271, 51.6527766)"
2691588054,Ockham Mill,hamlet,"c(-0.486382, 51.310067)"
2710100811,Keston Common,locality,"c(0.035658, 51.3589884)"
2714630753,Feltham,suburb,"c(-0.410659, 51.4442232)"
2756983933,Coombe Hollow,hamlet,"c(0.1688643, 51.3454725)"
2892440536,Twitton,hamlet,"c(0.1668525, 51.3138545)"
2913452942,Fairmile Common,locality,"c(-0.3903696, 51.3438358)"
2913452943,Oxshott Heath,locality,"c(-0.3667254, 51.3387422)"
2915780403,St. Andrew's Gate,locality,"c(-0.1459242, 51.5253561)"
2940888058,Seething Wells,neighbourhood,"c(-0.3143662, 51.3926421)"
2958890518,Ryewood,neighbourhood,"c(0.1722045, 51.2927113)"
2962499258,West Meadow,locality,"c(-0.2153445, 51.4730953)"
3054882685,Studio Gate,locality,"c(-0.1883208, 51.5041396)"
3064005585,Globe Town,neighbourhood,"c(-0.0455728, 51.5274125)"
3073841718,Albion Gate,locality,"c(-0.1665054, 51.5124584)"
3129793117,Swallows Cross,locality,"c(0.3248423, 51.6646154)"
3129804546,Hook End,locality,"c(0.3024191, 51.6768717)"
3129811976,Tip's Cross,locality,"c(0.2952307, 51.6770579)"
3129813174,Wyatt's Green,locality,"c(0.3137868, 51.6681143)"
3130726081,Peartree Green,locality,"c(0.3087626, 51.664885)"
3131095991,Mutton Corner,locality,"c(0.1396041, 51.644849)"
3131099629,Bournebridge,locality,"c(0.1622307, 51.6301926)"
3131100607,Chase Cross,village,"c(0.1827807, 51.6038969)"
3132801300,Sabine's Green,hamlet,"c(0.2304494, 51.6495475)"
3135937214,The Warren,locality,"c(0.073963, 51.686694)"
3136526874,Deershelter Plain,locality,"c(0.0611215, 51.6708232)"
3136531617,Epping Thicks,locality,"c(0.0886951, 51.6850547)"
3136531618,St Thomas's Quarters,locality,"c(0.0717221, 51.6827931)"
3136543594,Bell Common,locality,"c(0.0914202, 51.6887529)"
3136545626,Dulsmead Hollow,locality,"c(0.0632141, 51.6728612)"
3136545628,Copely Plain,locality,"c(0.0700055, 51.6716562)"
3136547068,Sunshine Plain,locality,"c(0.0538264, 51.6725744)"
3136548637,Honey Lane Quarters,locality,"c(0.0455437, 51.6738253)"
3136553410,Rushey Plain,locality,"c(0.0438486, 51.6668786)"
3136554232,Honey Lane Plain,locality,"c(0.0444065, 51.6771252)"
3136603292,Little Monk Wood,locality,"c(0.0519121, 51.6629673)"
3136603293,Great Monk Wood,locality,"c(0.0574053, 51.6665608)"
3136603376,Bellringer's Hollow,locality,"c(0.0575984, 51.6630605)"
3136606577,Wake Valley,locality,"c(0.0541222, 51.6678917)"
3136612218,The Coppice,locality,"c(0.0930774, 51.6742868)"
3136613777,Ivy Chimneys,village,"c(0.1033675, 51.6901854)"
3136623893,Debden Green,village,"c(0.0775528, 51.6641194)"
3136624128,Loughton Camp,locality,"c(0.0495505, 51.6580698)"
3136625370,Debden Slade,locality,"c(0.0475764, 51.6547086)"
3136630344,Mount Pleasant,locality,"c(0.0476837, 51.6641461)"
3136635004,Almshouse Plain,locality,"c(0.0247455, 51.6492632)"
3136636951,Fairmead Bottom,locality,"c(0.0355387, 51.6495564)"
3136636953,Buttonseed Corner,locality,"c(0.0265372, 51.6412279)"
3136637006,Woodman's Glade,locality,"c(0.0146389, 51.6422332)"
3136637264,Ludgate Plain,locality,"c(0.019896, 51.6459216)"
3136637265,Bury Wood,locality,"c(0.0240374, 51.6470867)"
3136637619,Grimston's Oak,locality,"c(0.0276637, 51.6422665)"
3136638681,Cuckoo Pits,locality,"c(0.0239515, 51.64218)"
3136638775,Peartree Plain,locality,"c(0.0232434, 51.6443904)"
3136641205,Whitehouse Plain,locality,"c(0.0266659, 51.6520993)"
3136641357,Hill Wood,locality,"c(0.03335, 51.6550081)"
3136643309,Long Running,locality,"c(0.0732398, 51.678252)"
3136691695,Redoak Wood,locality,"c(0.0910763, 51.6690802)"
3136691696,Gaunts Wood,locality,"c(0.0892309, 51.666831)"
3136691697,Birch Wood,locality,"c(0.0799398, 51.669333)"
3137091717,Theydon Mead,locality,"c(0.1095086, 51.6524758)"
3137123216,Curtismill Green,locality,"c(0.1921635, 51.6411717)"
3137354609,Clapgate,village,"c(0.2736397, 51.6808581)"
3137431513,Bloody Mead,locality,"c(0.1196252, 51.6546589)"
3138429104,Ripley Grange,locality,"c(0.0861717, 51.6668591)"
3138476663,Steward's Green,hamlet,"c(0.124447, 51.6891955)"
3140600022,Powell's Forest,locality,"c(0.0368992, 51.6344654)"
3140627554,Chingford Hatch,neighbourhood,"c(0.0085493, 51.6188134)"
3140627555,Hatch Plain,locality,"c(0.01938, 51.6203755)"
3140627556,Bluehouse Grove,locality,"c(0.0157751, 51.625118)"
3140627557,Hatch Grove,locality,"c(0.0144233, 51.6223205)"
3140631474,Chingford Plain,locality,"c(0.0197234, 51.636506)"
3140636952,The Hawk Wood,locality,"c(0.0036945, 51.6425652)"
3140636964,Bury Wood,locality,"c(0.0184144, 51.6416863)"
3146093406,Conybury Wood,locality,"c(0.0477257, 51.6802043)"
3146100614,Copthall Green,hamlet,"c(0.0569944, 51.6883069)"
3154945435,Pheasant Wood,locality,"c(0.1742157, 51.6183348)"
3154945439,Avenue Wood,locality,"c(0.1713189, 51.6167094)"
3154945440,Pine Wood,locality,"c(0.1701172, 51.6137915)"
3155020697,Upshirebury Green,locality,"c(0.0475185, 51.6889945)"
3157981543,Warley,village,"c(0.2972591, 51.6084019)"
3172970218,Furze Ground,locality,"c(0.0684572, 51.6691417)"
3172980654,Hangboy Slade,locality,"c(0.0669552, 51.6711113)"
3172984031,Long Hills,locality,"c(0.0293613, 51.6465123)"
3172990584,The Birckbeck,locality,"c(0.0236965, 51.6258432)"
3178572463,Ashlone Wharf,locality,"c(-0.2235656, 51.4714915)"
3197376008,Noak Hill,village,"c(0.2271257, 51.6216658)"
3206863629,West Ealing,neighbourhood,"c(-0.3235244, 51.5104133)"
3206941112,Alperton,suburb,"c(-0.2979241, 51.5377679)"
3207532292,North Greenford,neighbourhood,"c(-0.3367211, 51.5551182)"
3207840655,Yeading,suburb,"c(-0.3992705, 51.527239)"
3207844620,Northolt,town,"c(-0.369565, 51.5465937)"
3207863853,Perivale,suburb,"c(-0.3204999, 51.5344736)"
3207873659,Ealing,town,"c(-0.3051952, 51.5126553)"
3207881701,Acton,suburb,"c(-0.2732607, 51.5081402)"
3207956127,Southall,town,"c(-0.3755169, 51.5111461)"
3260849575,Yiewsley,suburb,"c(-0.4741522, 51.5128661)"
3262156720,Woodlands,hamlet,"c(0.2449948, 51.3237332)"
3262156721,Clarke's Bottom,hamlet,"c(0.2360193, 51.3211769)"
3262156722,Cotman's Ash,hamlet,"c(0.2417271, 51.31725)"
3263336500,Great Sarrat Hall,hamlet,"c(-0.5008399, 51.6905913)"
3282529867,Upminster,suburb,"c(0.2485771, 51.5587447)"
3287719969,Victoria Gate,locality,"c(-0.1723073, 51.5118914)"
3307642157,Norwood Green,neighbourhood,"c(-0.3693772, 51.4966058)"
3319761264,Whipps Cross,neighbourhood,"c(-0.0001023, 51.581543)"
3335927675,New Haw Lock,locality,"c(-0.4863302, 51.3569544)"
3470411219,Birch Green,neighbourhood,"c(-0.5045637, 51.4383492)"
3470411229,Chattern Hill,neighbourhood,"c(-0.4496081, 51.4346579)"
3470411269,Knowle Green,neighbourhood,"c(-0.5000255, 51.4306161)"
3470411272,Littleton Common,neighbourhood,"c(-0.4445943, 51.4217179)"
3470411273,Littleton,village,"c(-0.4581907, 51.4072224)"
3470411309,St George's Hill,neighbourhood,"c(-0.443008, 51.349968)"
3471197729,Ashford Common,neighbourhood,"c(-0.4326259, 51.42407)"
3471197733,Fordbridge Park,locality,"c(-0.4766986, 51.4274506)"
3471197738,West Bedfont,village,"c(-0.4628496, 51.4531631)"
3471216193,Cottenham Park,quarter,"c(-0.2360857, 51.4143002)"
3471216195,East Molesey,neighbourhood,"c(-0.3571356, 51.399102)"
3471216196,Felthamhill,neighbourhood,"c(-0.4241636, 51.4277215)"
3471216197,Hampton Wick,suburb,"c(-0.3126743, 51.4144519)"
3471216198,Hounslow West,suburb,"c(-0.3896734, 51.4725011)"
3471216200,Lower Feltham,neighbourhood,"c(-0.4256346, 51.4374201)"
3471216201,North Feltham,neighbourhood,"c(-0.4050892, 51.4577357)"
3471216202,North Sheen,suburb,"c(-0.2822834, 51.4688862)"
3471216208,Sunbury Common,neighbourhood,"c(-0.4232078, 51.4215234)"
3471216214,West Molesey,neighbourhood,"c(-0.3641342, 51.4047705)"
3517779027,Isles Quarry West,neighbourhood,"c(0.2992772, 51.2875379)"
3575430433,Hayes,suburb,"c(0.0102091, 51.3778281)"
3581710094,Bow Locks,locality,"c(-0.008084, 51.5231208)"
3584603472,Leyton,suburb,"c(-0.015681, 51.5696734)"
3625161640,Spurgate Plain,locality,"c(0.1451395, 51.6260458)"
3625190231,Lambourne End,hamlet,"c(0.1356548, 51.6292038)"
3625201903,Cabin's Plain,locality,"c(0.1323069, 51.6228398)"
3625201904,Taylor's Plain,locality,"c(0.1349258, 51.6257871)"
3625204452,Weddrell's Plain,locality,"c(0.1326588, 51.6242086)"
3625206860,Three Cornered Plain,locality,"c(0.1380876, 51.6270885)"
3661486904,East Village,neighbourhood,"c(-0.0091769, 51.5481075)"
3679166320,Porchester Gate,locality,"c(-0.1836322, 51.5104278)"
3681482595,Shortwood Common,locality,"c(-0.4922279, 51.4350025)"
3705901954,Radlett,village,"c(-0.3188687, 51.6837242)"
3725709457,Upper Hockenden,hamlet,"c(0.1567294, 51.4050324)"
3725709458,Hockenden,village,"c(0.1465907, 51.4005414)"
3754733967,Banks Farm,farm,"c(-0.3972691, 51.2956476)"
3756642912,Hughesfield Estate,neighbourhood,"c(-0.0262781, 51.4826296)"
3765160636,Albert Memorial Gate,locality,"c(-0.1775404, 51.5016753)"
3765189252,Coalbrookdale Gates,locality,"c(-0.1747853, 51.5021654)"
3765215750,Alexandra Gate,locality,"c(-0.1746567, 51.5018743)"
3779475746,Crow Green,hamlet,"c(0.2804934, 51.6462758)"
3823180939,Aldersbrook,neighbourhood,"c(0.0334403, 51.5641123)"
3898946185,Grubb Street,locality,"c(0.28073, 51.4062513)"
3904886817,Fortis Green,neighbourhood,"c(-0.1534208, 51.590997)"
3925845657,Brompton,suburb,"c(-0.178326, 51.4918222)"
3925873320,Burnt Oak,quarter,"c(-0.2644503, 51.6049875)"
3928517083,Shepherd's Hill,neighbourhood,"c(-0.1359006, 51.5780916)"
3928522466,Crouch Hall Park,neighbourhood,"c(-0.1280663, 51.5797494)"
3930386423,South Hornsey,neighbourhood,"c(-0.0791619, 51.5551391)"
3930389397,Shacklewell,suburb,"c(-0.0701582, 51.5523761)"
3930403657,South Tottenham,quarter,"c(-0.073678, 51.5782495)"
3930413845,Tottenham Hale,quarter,"c(-0.0627578, 51.5882436)"
3930426857,Manor House,neighbourhood,"c(-0.0959125, 51.57128)"
3930510015,Bowes,suburb,"c(-0.1000295, 51.6123266)"
3930559713,East Finchley,town,"c(-0.166091, 51.5890823)"
3930560279,Church End,suburb,"c(-0.1918901, 51.601117)"
3930564513,Fallow Corner,suburb,"c(-0.1787368, 51.6057602)"
3933848027,Brook Green,suburb,"c(-0.2192533, 51.4960214)"
3933850644,West Kensington,suburb,"c(-0.207486, 51.4909928)"
3933858663,Earl's Court,suburb,"c(-0.1954349, 51.4919769)"
3933862427,Walham Green,suburb,"c(-0.1950367, 51.4813433)"
3933865037,Parson's Green,suburb,"c(-0.1979497, 51.474389)"
3934807457,Copse Hill,suburb,"c(-0.2420669, 51.4187233)"
3934810644,West Barnes,suburb,"c(-0.2383655, 51.3977576)"
3936960065,Pentonville,neighbourhood,"c(-0.1148938, 51.5321048)"
3936965089,King's Cross,suburb,"c(-0.1206259, 51.5320529)"
3936968792,St. John's Wood,suburb,"c(-0.1741901, 51.531726)"
3936973085,Maida Hill,suburb,"c(-0.194717, 51.5240989)"
3936983379,West Kilburn,suburb,"c(-0.2019082, 51.5279347)"
3937580110,Soho,suburb,"c(-0.1311754, 51.5131628)"
3937587633,St Clement Danes,neighbourhood,"c(-0.118564, 51.5133595)"
3937591763,Temple,quarter,"c(-0.1100526, 51.5128303)"
3938354608,Wimbledon Village,suburb,"c(-0.217633, 51.4250982)"
3938375236,Earlsfield,suburb,"c(-0.1893941, 51.4464482)"
3938379795,Summerstown,suburb,"c(-0.1831657, 51.4343379)"
3938381837,Upper Tooting,suburb,"c(-0.1622246, 51.4338415)"
3938401583,Manor Park,suburb,"c(-0.1355069, 51.4269492)"
3938408784,Lonesome,quarter,"c(-0.1435231, 51.4105488)"
3938413889,Streatham,suburb,"c(-0.1318612, 51.417135)"
3939308798,Ratcliffe,quarter,"c(-0.0442364, 51.5115396)"
3939311899,Shadwell,suburb,"c(-0.0588693, 51.5105939)"
3939324659,St. George in the East,neighbourhood,"c(-0.0635122, 51.510035)"
3939325033,Spitalfields,quarter,"c(-0.0751701, 51.5195274)"
3939327711,Mile End New Town,locality,"c(-0.0673383, 51.5206248)"
3939328592,Whitechapel,suburb,"c(-0.0620807, 51.5186227)"
3939359610,Old Ford,quarter,"c(-0.0268215, 51.5341124)"
3939364338,Mile End,suburb,"c(-0.0350468, 51.5250913)"
3939373094,Hackney Wick,suburb,"c(-0.0277034, 51.5434262)"
3939393416,Clapton Park,quarter,"c(-0.0404086, 51.5563607)"
3939406669,Stratford Marsh,suburb,"c(-0.0095941, 51.5393249)"
3939407454,Mill Meads,quarter,"c(-0.0034965, 51.5303704)"
3939499364,Plashet,suburb,"c(0.0392744, 51.5400084)"
3939503731,Upton,suburb,"c(0.0263178, 51.5419294)"
3939866762,Silvertown,suburb,"c(0.0385185, 51.5013626)"
3939924573,Belvedere,suburb,"c(0.1473593, 51.4894735)"
3939944346,West Heath,suburb,"c(0.1273574, 51.4808745)"
3943567462,Lee,town,"c(0.0114959, 51.4565827)"
3943604906,Kidbrooke,suburb,"c(0.0285241, 51.4675731)"
4001592822,Angel,quarter,"c(-0.1061141, 51.5331955)"
4001592823,Holloway,suburb,"c(-0.1183706, 51.5572453)"
4001592824,Tooting,town,"c(-0.1690768, 51.4266588)"
4053293389,Barking Riverside,suburb,"c(0.1081363, 51.5205472)"
4075137644,Horseman Side,hamlet,"c(0.2301151, 51.6432446)"
4173003440,Roding Riverside,neighbourhood,"c(0.0755699, 51.5322759)"
4173018969,Loxford,quarter,"c(0.084051, 51.5481943)"
4183539648,Gascoigne Estate,neighbourhood,"c(0.0812505, 51.5322827)"
4218946742,College Park,neighbourhood,"c(-0.2353698, 51.5311515)"
4267093235,Chinbrook,suburb,"c(0.0330024, 51.4294489)"
4267113371,Grove Park,suburb,"c(0.0212344, 51.4318969)"
4267167889,Longlands,suburb,"c(0.0841774, 51.4304854)"
4267201617,Upper Ruxley,village,"c(0.1436717, 51.4102386)"
4267255531,Horn Park,suburb,"c(0.0260585, 51.4472867)"
4267945340,Coldharbour,suburb,"c(0.0576814, 51.4304703)"
4270384415,Foots Cray,town,"c(0.1180187, 51.4186732)"
4296941413,Cobbs Corner,square,"c(-0.0559406, 51.4269851)"
4339560161,Black Lion Gate,locality,"c(-0.1878201, 51.5101315)"
4345162200,Finsbury Park,suburb,"c(-0.10965, 51.5639577)"
4374233208,Courtleet Bottom,locality,"c(0.1580505, 51.4675962)"
4415254849,Merry Hill Wood,wood,"c(-0.3697138, 51.637967)"
4461738405,Ambresbury Banks,locality,"c(0.0777338, 51.6827307)"
4466425234,Fickleshole,hamlet,"c(-0.0075284, 51.3250731)"
4466964503,Genesis Slade,locality,"c(0.0848796, 51.6761507)"
4484691959,Charlton Riverside,suburb,"c(0.0376536, 51.4919673)"
4501109273,Castle Hill,locality,"c(-0.2916886, 51.3579078)"
4501131532,Horton Country Park,locality,"c(-0.2906806, 51.3533179)"
4511034829,Hainault,suburb,"c(0.0899332, 51.604627)"
4512003104,Fairlop,suburb,"c(0.0819696, 51.5985538)"
4515408575,Murphy's Wharf,locality,"c(0.0231704, 51.4933046)"
4580796951,Chingford Mount,neighbourhood,"c(-0.017667, 51.6176957)"
4678882806,Hornsey Park,neighbourhood,"c(-0.1101582, 51.5917289)"
4678882808,Ferme Park,locality,"c(-0.1155277, 51.5798926)"
4678882809,Scotch Estate,neighbourhood,"c(-0.1005245, 51.6012861)"
4743294786,Blackheath Park,village,"c(0.0180184, 51.4608648)"
4743294787,Canada Water,quarter,"c(-0.0505388, 51.4972278)"
4743294788,East Greenwich,suburb,"c(0.0104653, 51.4879961)"
4743294789,Greenwich Peninsula,suburb,"c(0.0054872, 51.4989243)"
4743294790,New Cross,suburb,"c(-0.0320638, 51.4749303)"
4743294791,South Bermondsey,quarter,"c(-0.0545085, 51.4868203)"
4743294792,Surrey Quays,quarter,"c(-0.0444608, 51.49235)"
4783424402,The Crossroads,locality,"c(-0.448763, 51.3959403)"
4790767687,Southbury,suburb,"c(-0.0606578, 51.650849)"
4882198594,West Hyde,village,"c(-0.5084487, 51.6101676)"
4905909837,Brook Farm,farm,"c(0.1749789, 51.6335477)"
4908831689,Isle of Wight,locality,"c(-0.3888574, 51.2944596)"
4910992023,Netherne-on-the-Hill,village,"c(-0.1428056, 51.2918889)"
4921923458,Lancaster West Estate,neighbourhood,"c(-0.2161682, 51.513445)"
4921923459,Silchester Estate,neighbourhood,"c(-0.2186164, 51.5142238)"
4938409123,Greenacres Farm,farm,"c(0.1720468, 51.6267778)"
4938409124,Butcher's Farm,farm,"c(0.1716606, 51.6286826)"
5004580954,Brownings Farm,farm,"c(0.1114153, 51.6288585)"
5004581825,Taylors Farm,farm,"c(0.1112007, 51.6341615)"
5004594070,Blackbush Farm,farm,"c(0.148563, 51.6352519)"
5024285874,Abridge Park,locality,"c(0.1130543, 51.6476261)"
5029537416,How Green,hamlet,"c(0.1708043, 51.6370467)"
5039112282,Skips Corner Farm,farm,"c(0.1995342, 51.6323956)"
5039152332,Orchard Farm,farm,"c(0.2053054, 51.6305969)"
5039154646,Asheton Farm,Farm,"c(0.1969861, 51.6309138)"
5058705768,Well Hall,suburb,"c(0.0501437, 51.4574683)"
5067675686,South End,quarter,"c(-0.0131715, 51.4286029)"
5067688871,Bell Green,quarter,"c(-0.0374595, 51.4307475)"
5067694335,Perry Vale,suburb,"c(-0.0430306, 51.435121)"
5067718701,Middle Park,suburb,"c(0.0400849, 51.4453135)"
5067878597,New Beckenham,suburb,"c(-0.0339493, 51.4160631)"
5067878598,Lower Sydenham,quarter,"c(-0.0407936, 51.4270926)"
5067878599,Upper Sydenham,quarter,"c(-0.072812, 51.4323018)"
5069338632,Shooters Hill,suburb,"c(0.066306, 51.4692255)"
5069365343,Avery Hill,suburb,"c(0.0806051, 51.4506723)"
5069365344,Falconwood,suburb,"c(0.087749, 51.4582845)"
5069602787,Blackfen,suburb,"c(0.1030617, 51.4505408)"
5069602788,Blendon,suburb,"c(0.1204599, 51.4482606)"
5069602789,Penhill,neighbourhood,"c(0.1181211, 51.4422195)"
5069602790,Hurst,neighbourhood,"c(0.1253651, 51.4391408)"
5069602791,Halfway Street,neighbourhood,"c(0.10073, 51.4366138)"
5069792007,South End,neighbourhood,"c(0.0633679, 51.4442783)"
5069880897,Bridgen,neighbourhood,"c(0.1306459, 51.4459597)"
5069975853,Pound Place,neighbourhood,"c(0.0954394, 51.4268129)"
5069975854,Burnt Ash Green,neighbourhood,"c(0.0145079, 51.4458923)"
5070151361,Upton,neighbourhood,"c(0.1275711, 51.4524572)"
5070151362,Kevingtown,hamlet,"c(0.1318195, 51.3871173)"
5070151363,Cockmannings,hamlet,"c(0.1281931, 51.3804335)"
5070151364,Ramsden,suburb,"c(0.1192722, 51.3772138)"
5070151365,Goddington,suburb,"c(0.1117289, 51.3690444)"
5070151366,Broom Hill,neighbourhood,"c(0.0982784, 51.3800469)"
5070263814,Southborough,suburb,"c(0.0446175, 51.3899151)"
5070369070,Crofton,suburb,"c(0.078355, 51.3782254)"
5070369071,Shortlands,suburb,"c(-0.001434, 51.4060917)"
5070369105,Sundridge,suburb,"c(0.0202065, 51.4198856)"
5070369106,Plaistow,suburb,"c(0.0171595, 51.4151484)"
5070378290,Bickley,suburb,"c(0.0437122, 51.4017399)"
5071824799,Poverest,suburb,"c(0.0950382, 51.3908045)"
5071840980,St Paul's Cray,suburb,"c(0.1183273, 51.4031797)"
5119507653,Three Horseshoes Farm,farm,"c(0.2109911, 51.6144265)"
5142610840,Crown Farm,farm,"c(0.2173532, 51.6287871)"
5147759098,Havering Park Farm,farm,"c(0.1556284, 51.6176457)"
5147759099,Bower Farm,farm,"c(0.1688871, 51.6204089)"
5152139077,Crook Log,neighbourhood,"c(0.1240177, 51.4596374)"
5152273892,Albany Park,suburb,"c(0.1259205, 51.4361034)"
5152330837,Well Hill,village,"c(0.1476987, 51.3540853)"
5177531405,Belmont,neighbourhood,"c(0.0705694, 51.4224626)"
5177663434,North Cray,suburb,"c(0.1345992, 51.4251795)"
5177693353,White Oak,neighbourhood,"c(0.1693816, 51.4031501)"
5182083072,Grove Park Estate,neighbourhood,"c(0.0320771, 51.4284229)"
5182083073,Chinbrook Estate,neighbourhood,"c(0.0352429, 51.4306603)"
5182147055,Elmstead,suburb,"c(0.0469182, 51.4181888)"
5186419617,Foots Cray Estate,neighbourhood,"c(0.1169977, 51.4179894)"
5186640030,Crayford,suburb,"c(0.1787188, 51.4515584)"
5186655480,Northumberland Heath,suburb,"c(0.1611451, 51.4711864)"
5186763925,Lessness Heath,suburb,"c(0.14821, 51.484098)"
5191638214,Burnt Ash,neighbourhood,"c(0.0192848, 51.4417702)"
5191751524,Redbrick Estate,neighbourhood,"c(0.0121809, 51.4476912)"
5221295731,Coney Hall,suburb,"c(0.0035117, 51.3703786)"
5256050630,Mayfield Lavender Farm,farm,"c(-0.1681805, 51.3343808)"
5272643714,Birchwood,isolated_dwelling,"c(-0.0585254, 51.2935493)"
5284442721,Hook Green,hamlet,"c(0.1895846, 51.4255809)"
5302085651,Canary Wharf,quarter,"c(-0.0190006, 51.5048954)"
5306858148,Woldingham Garden Village,locality,"c(-0.0469855, 51.2962301)"
5308319291,Hamsey Green,locality,"c(-0.0716813, 51.3192162)"
5323343627,Railway Straight,locality,"c(-0.4729378, 51.3531605)"
5323343628,Byfleet Banking,locality,"c(-0.4743433, 51.342938)"
5323343629,Members' Banking,locality,"c(-0.4640168, 51.3568992)"
5401073874,Elm Park,suburb,"c(0.1999627, 51.5484748)"
5443430512,Deepdale,isolated_dwelling,"c(0.0632346, 51.287651)"
5447489377,Deepdale Cottage,isolated_dwelling,"c(0.0648513, 51.2868614)"
5469948361,High Cross,hamlet,"c(-0.3419495, 51.6776581)"
5518275354,Woodberry Down,neighbourhood,"c(-0.090699, 51.5724915)"
5518334231,Harringay Warehouse District,neighbourhood,"c(-0.0897923, 51.5764735)"
5535711332,Duckett's Green,neighbourhood,"c(-0.0974856, 51.5884533)"
5557467720,Chipping Barnet,town,"c(-0.2002261, 51.65309)"
5599175875,South Chingford,neighbourhood,"c(-0.0165295, 51.6106181)"
5603836102,Swan's Rest Island,locality,"c(-0.3984995, 51.4079682)"
5617027101,Hazelwood,hamlet,"c(0.0749494, 51.3333728)"
5634461871,New Barn Manor,isolated_dwelling,"c(0.0714756, 51.308643)"
5634461872,New Barn Farm,isolated_dwelling,"c(0.0723537, 51.3092936)"
5718115794,Hare Street,hamlet,"c(0.2241699, 51.6790484)"
5730586306,West Hackney,suburb,"c(-0.0691322, 51.5608595)"
5754905009,Wimbledon Park,suburb,"c(-0.1993261, 51.4369518)"
5838544967,Inverness Terrace Gate,locality,"c(-0.1855537, 51.5102313)"
5838544973,Lancaster Gate,locality,"c(-0.1802107, 51.5108307)"
5838550880,Westbourne Gate,locality,"c(-0.1741312, 51.51174)"
5838598620,Clarendon Gate,locality,"c(-0.1686457, 51.5122143)"
5838640801,Victoria Road Gate,locality,"c(-0.1856629, 51.5021855)"
5870404319,Batchworth,suburb,"c(-0.4611006, 51.6294462)"
5924643061,Hangman's Hill,locality,"c(0.025712, 51.6663448)"
6039777944,Barnehurst,suburb,"c(0.1617566, 51.4626874)"
6174759086,Ash Place Farm,farm,"c(0.3013704, 51.3576979)"
6184613884,Castle Hill,suburb,"c(0.3091518, 51.4374847)"
6191803137,Caterham on the Hill,village,"c(-0.0894969, 51.2884466)"
6247313095,Waltham Cross,town,"c(-0.0330001, 51.6857829)"
6337482215,Shepherds Farm Cottage,isolated_dwelling,"c(0.1579953, 51.3280356)"
6352261382,Oak Cottage,isolated_dwelling,"c(-0.3343969, 51.3540876)"
6352261383,Keepers Cottage,isolated_dwelling,"c(-0.3337236, 51.3538297)"
6352412495,East Bedfont,neighbourhood,"c(-0.4413594, 51.4490841)"
6407445370,Regent's Canal towpath Trailhead Eastside,locality,"c(-0.114875, 51.5350561)"
6440358085,The Hollies,neighbourhood,"c(0.0983352, 51.4405541)"
6461057259,Knockavilla,isolated_dwelling,"c(0.1552942, 51.3200686)"
6461057260,Stockholm Cottage,isolated_dwelling,"c(0.1553127, 51.3223292)"
6461057261,Anisbirches,isolated_dwelling,"c(0.1483505, 51.3198872)"
6461057262,Bellever,isolated_dwelling,"c(0.1460982, 51.3187693)"
6461057270,Danehill Farm,isolated_dwelling,"c(0.1474965, 51.3196191)"
6461057271,The Cottage,isolated_dwelling,"c(0.1525045, 51.3220589)"
6461057272,Woodside,isolated_dwelling,"c(0.1515185, 51.3211655)"
6525618769,Micklefield Green,hamlet,"c(-0.4856783, 51.6748524)"
6799260133,Swallowfields,hamlet,"c(-0.4042949, 51.3896049)"
6815000657,Bermondsey Spa,neighbourhood,"c(-0.0758607, 51.4951777)"
6856055854,Angerstein Wharf,locality,"c(0.0206809, 51.4934192)"
6957378323,Prescot Wharf,locality,"c(-0.1349086, 51.4830114)"
7069167054,Heath Side,hamlet,"c(0.1865654, 51.4312666)"
7069167055,Maypole,village,"c(0.172117, 51.4343672)"
7069167056,Coldblow,suburb,"c(0.1624884, 51.4383389)"
7069234218,Bowmans,village,"c(0.180778, 51.4433252)"
7194410280,The Mallards,locality,"c(0.1616336, 51.3946447)"
7235212628,Hampton Court,neighbourhood,"c(-0.3439123, 51.4026261)"
7235212629,Oakhill,neighbourhood,"c(-0.2990497, 51.3897534)"
7235212630,Claremont Park,neighbourhood,"c(-0.367328, 51.3597098)"
7362529074,Lower Green Esher,suburb,"c(-0.3668642, 51.3816613)"
7459591988,Plumstead Marshes,locality,"c(0.0970316, 51.5070664)"
7459593771,Barking Point,locality,"c(0.1070738, 51.5138939)"
7459593773,Frog Island,locality,"c(0.1772189, 51.5066857)"
7459593774,Jenningtree Point,locality,"c(0.165267, 51.5043785)"
7459593775,Coldharbour Point,locality,"c(0.1873764, 51.4878903)"
7459631581,Blackwall Point,locality,"c(0.0019634, 51.5051631)"
7464657784,Kidbrooke Village,neighbourhood,"c(0.0259584, 51.4614006)"
7464829294,West Thurrock Marshes,locality,"c(0.2794111, 51.4694547)"
7482942938,Valley Park,locality,"c(0.1941585, 51.4126008)"
7498068897,Bower Pond,locality,"c(0.1702792, 51.6176466)"
7498905109,West Ewell,suburb,"c(-0.2733742, 51.3618197)"
7498940370,Nork,suburb,"c(-0.2239885, 51.3228216)"
7559168820,Parsons Corner,locality,"c(-0.1333115, 51.4592853)"
7599689303,Sarrat Bottom,hamlet,"c(-0.5088396, 51.6803598)"
7619494308,Victoria Park Village,neighbourhood,"c(-0.0453454, 51.5385764)"
7624120999,Nye Bevan Estate,neighbourhood,"c(-0.0416681, 51.5561386)"
7625870517,Clerkenwell Green,neighbourhood,"c(-0.1051077, 51.5230119)"
7625922281,Aldgate,quarter,"c(-0.0752199, 51.5139774)"
7625922282,Farringdon,neighbourhood,"c(-0.1034689, 51.5211377)"
7625922283,Smithfield,neighbourhood,"c(-0.1014465, 51.5187043)"
7626103610,Newington Green,neighbourhood,"c(-0.0855745, 51.5495725)"
7626551300,Park Royal,suburb,"c(-0.2797183, 51.5284366)"
7626551301,Old Oak Common,neighbourhood,"c(-0.2470894, 51.5279486)"
7626945170,Redbridge,suburb,"c(0.0453401, 51.5765828)"
7627076086,Hale End,suburb,"c(0.0047529, 51.6074235)"
7627076087,Highams Park,suburb,"c(-0.0083363, 51.6065439)"
7628460387,Bow Common,quarter,"c(-0.0222918, 51.5171871)"
7628473009,Custom House,quarter,"c(0.0282919, 51.5095972)"
7628489779,Gray's Inn,neighbourhood,"c(-0.1138437, 51.520415)"
7628489780,Barbican,quarter,"c(-0.0923806, 51.5194587)"
7628489781,Hatton Garden,neighbourhood,"c(-0.1083706, 51.5200487)"
7628655056,Bankside,quarter,"c(-0.0993021, 51.5074991)"
7632688671,Friday Hill,neighbourhood,"c(0.0068074, 51.6234187)"
7632688672,Chingford Green,neighbourhood,"c(0.0004774, 51.6322484)"
7632688673,Oakwood,quarter,"c(-0.1240361, 51.6409265)"
7632688675,Grange Park,neighbourhood,"c(-0.1007116, 51.6438826)"
7632688676,Bush Hill Park,neighbourhood,"c(-0.0734174, 51.6409332)"
7632688677,Bullsmoor,neighbourhood,"c(-0.0399113, 51.6804589)"
7632688678,Freezywater,quarter,"c(-0.0314301, 51.675772)"
7632688679,Enfield Lock,quarter,"c(-0.0274122, 51.6707187)"
7632688680,Enfield Wash,quarter,"c(-0.0415139, 51.6676487)"
7632688681,Upper Edmonton,quarter,"c(-0.0621951, 51.6136664)"
7632688682,Lower Edmonton,quarter,"c(-0.0553715, 51.6228426)"
7633442858,Greenhill,quarter,"c(-0.3293967, 51.5835699)"
7633442859,Queensbury,quarter,"c(-0.2917385, 51.5937087)"
7633442861,Canons Park,neighbourhood,"c(-0.2933157, 51.610595)"
7638874912,Pollards Hill,suburb,"c(-0.1323509, 51.4000959)"
7641183201,Stonecot,quarter,"c(-0.2113742, 51.3848523)"
7646215710,Harlesden,suburb,"c(-0.2460981, 51.5373469)"
7646215711,Dollis Hill,suburb,"c(-0.2293611, 51.559784)"
7646215712,Dudden Hill,quarter,"c(-0.2402294, 51.554054)"
7646215713,Willesden Green,quarter,"c(-0.2301228, 51.5425518)"
7646215714,Brondesbury Park,quarter,"c(-0.2190292, 51.5396558)"
7646215715,Brondesbury,suburb,"c(-0.2123773, 51.5492173)"
7646215716,Maitland Park,quarter,"c(-0.1530147, 51.5491472)"
7646215717,Vale of Health,neighbourhood,"c(-0.1762815, 51.5629388)"
7646215718,North End,quarter,"c(-0.1819396, 51.5678057)"
7646215719,Westminster,quarter,"c(-0.1265398, 51.5004439)"
7646215720,Blackfriars,quarter,"c(-0.1030654, 51.5122162)"
7646215721,Bishopsgate,quarter,"c(-0.0817099, 51.5162117)"
7646257172,Clapton,suburb,"c(-0.0558777, 51.558602)"
7646455056,West Dulwich,quarter,"c(-0.0947678, 51.4370692)"
7646455057,Dulwich Village,quarter,"c(-0.0844091, 51.4499553)"
7659608327,Cuddington,quarter,"c(-0.2554486, 51.3764891)"
7699484825,Denham Garden Village,village,"c(-0.5023601, 51.5857539)"
7699484851,Denham Green,village,"c(-0.5039908, 51.5825)"
7699547229,Sand Hills,locality,"c(0.0394436, 51.5573267)"
7705131613,Swedish Wharf,locality,"c(-0.1886129, 51.466945)"
7713577764,New Denham,locality,"c(-0.4903538, 51.5551604)"
7774523961,Palmerston House,plot,"c(-0.1102763, 51.6140178)"
7796523135,Lot's Village,quarter,"c(-0.1823792, 51.4791758)"
7796523136,The Boltons,neighbourhood,"c(-0.183877, 51.488892)"
7815438958,Upper Halliford,village,"c(-0.4324294, 51.4017108)"
7815438959,Lower Halliford,village,"c(-0.4328991, 51.3886453)"
7817389172,Canning Town Riverside,locality,"c(0.0071666, 51.5144824)"
7843989518,Worlds End,suburb,"c(-0.1781511, 51.4818786)"
7880167991,The Galleries,neighbourhood,"c(0.293542, 51.6071517)"
7880435380,Clements Park,neighbourhood,"c(0.2908373, 51.6081814)"
7910239631,New Cottages,hamlet,"c(0.2087847, 51.5090401)"
7910239639,K9 Industrial Estate,neighbourhood,"c(0.1788285, 51.5091526)"
7917745584,Running Water Wood,locality,"c(0.2570624, 51.5195282)"
7917758685,Whitehall Wood,locality,"c(0.2605385, 51.521117)"
7917758686,Brickkiln Wood,locality,"c(0.2635104, 51.5169512)"
7927892628,Brook Farm Fishery,locality,"c(0.2018147, 51.6460236)"
7928243236,Wood Green,town,"c(-0.1099585, 51.5972054)"
7935169192,Hans Town,neighbourhood,"c(-0.160984, 51.4978003)"
7935867754,Silt lagoons 1-7,locality,"c(0.1942239, 51.5030859)"
7935867755,Silt lagoons 8-9,locality,"c(0.2035452, 51.5017487)"
7944886742,Watford North Junction,locality,"c(-0.4057691, 51.6713112)"
7945395125,Watford High Street Junction,locality,"c(-0.3951193, 51.6502147)"
7973182407,Studio Plaza,square,"c(-0.4210464, 51.3850762)"
7996123786,Old Man's Head,locality,"c(0.1699204, 51.5084794)"
7996123787,Hornchurch Shoot,locality,"c(0.1620442, 51.5111843)"
7997327654,Halfway Reach,locality,"c(0.1421528, 51.5118387)"
7997327656,Barking Reach,locality,"c(0.1129105, 51.5116738)"
7997327657,Gallions Reach,locality,"c(0.0825483, 51.5036499)"
7997327658,Woolwich Reach,locality,"c(0.0543039, 51.4969074)"
7997327659,Bugsby's Reach,locality,"c(0.0134139, 51.5004963)"
7997327660,Greenwich Reach,locality,"c(-0.0146327, 51.4842572)"
7997327661,Blackwall Reach,locality,"c(-0.0030709, 51.4967322)"
7997327662,Erith Rands,locality,"c(0.1959903, 51.4846751)"
7997327663,Long Reach,locality,"c(0.2466385, 51.4691299)"
7997327664,St Clement's Reach,locality,"c(0.2949263, 51.464382)"
7997327665,Northfleet Hope,locality,"c(0.3241231, 51.4620893)"
7997330399,Blackshelf,locality,"c(0.3085207, 51.473219)"
7997330400,Horse End,locality,"c(0.0970124, 51.5145533)"
8004008768,Erith Reach,locality,"c(0.1769276, 51.4940879)"
8004183177,Limehouse Reach,locality,"c(-0.0298446, 51.4961247)"
8004183178,Cuckold's Point,locality,"c(-0.0328429, 51.5055026)"
8004183179,Lower Pool,locality,"c(-0.0478167, 51.5063595)"
8004183180,King's Reach,locality,"c(-0.1069704, 51.5100369)"
8004183181,Upper Pool,locality,"c(-0.0775604, 51.5063412)"
8004183182,Chelsea Reach,locality,"c(-0.1605311, 51.4834147)"
8004183183,Lambeth Reach,locality,"c(-0.1225256, 51.497879)"
8004183184,Nine Elms Reach,locality,"c(-0.1314432, 51.484909)"
8004198885,Battersea Reach,locality,"c(-0.1796466, 51.4718414)"
8004198886,Wandsworth Reach,locality,"c(-0.2041271, 51.4647891)"
8004314378,Corney Reach,locality,"c(-0.2500599, 51.4797198)"
8004314379,Chiswick Reach,locality,"c(-0.2410297, 51.4889548)"
8004314380,Syon Reach,locality,"c(-0.3080074, 51.4748432)"
8004314381,Barn Elms Reach,locality,"c(-0.2250371, 51.4764481)"
8004314382,Mortlake Reach,locality,"c(-0.2748851, 51.478616)"
8004314383,Brentford Reach,locality,"c(-0.293625, 51.4857994)"
8004314384,Sheengulls Reach,locality,"c(-0.319551, 51.4685787)"
8004348085,Horse Reach (Upper),locality,"c(-0.3103379, 51.4475261)"
8004348086,Cross Deep,locality,"c(-0.3303211, 51.4421128)"
8004348087,Teddington Reach,locality,"c(-0.3283676, 51.4363394)"
8010932918,Horse Reach (Lower),locality,"c(-0.3064874, 51.4568763)"
8073094326,Orchard Village,neighbourhood,"c(0.1702636, 51.5290605)"
8148540060,St Pancras,suburb,"c(-0.1290973, 51.5259149)"
8339442296,Loughborough Junction,suburb,"c(-0.102439, 51.4684515)"
8339603737,Denmark Hill,quarter,"c(-0.0899044, 51.466024)"
8339603738,Myatt's Fields,quarter,"c(-0.1067602, 51.472983)"
8339603739,Stockwell Park,quarter,"c(-0.1173842, 51.4714986)"
8348476413,Gauging Square,square,"c(-0.0661438, 51.5081348)"
8348476414,Cargo Square,square,"c(-0.0668867, 51.5084985)"
8355610145,Leamouth Roundabout,locality,"c(0.0008752, 51.5106895)"
8402268481,Cowley Peachey,village,"c(-0.4802837, 51.5210312)"
8402268482,Cowley,suburb,"c(-0.4793824, 51.5279334)"
8402583604,Kenningtons,village,"c(0.2494524, 51.5093469)"
8405182806,Beam Park,neighbourhood,"c(0.1668289, 51.5249484)"
8410387326,Colham Green,village,"c(-0.4566305, 51.5226966)"
8419462316,Woolwich Dockyard,neighbourhood,"c(0.0533068, 51.4936605)"
8421823064,Canalside,locality,"c(-0.0247177, 51.5471235)"
8424029256,Ebbsfleet Green,suburb,"c(0.3119302, 51.4342534)"
8427227181,Childsbridge,neighbourhood,"c(0.2162558, 51.3065526)"
8442270460,Manchester Estate,locality,"c(-0.0067903, 51.4914734)"
8442270461,St John's Estate,locality,"c(-0.0113687, 51.4977143)"
8442270462,Samuda Estate,locality,"c(-0.0079498, 51.4960127)"
8442270463,Schooner Estate,locality,"c(-0.0086693, 51.4885548)"
8442270464,Manchester Grove Estate,locality,"c(-0.0123327, 51.4876729)"
